Account Name,,Legal Name,Company Exists,Active,Employees,Incorporation Year,Incorporation State / Providence,Incorporation Country,Website,Exit Year,Shipping Street,Shipping City,Shipping State/Province,Shipping Country,UEI,
3DFlexible Inc,,,Yes,TRUE,6,2016,Maryland,United States,http://www.3dflexible.com/about.html,,11008 Chelsea Way,Laurel,Maryland,United States,,
Advanced Analyzer Labs Inc.,,,Yes,FALSE,9,2015,,,https://www.linkedin.com/in/huapeng-huang-66109b3/,,3982 Old Columbia Pike,Ellicott City,Maryland,United States,,
Astrapi Corporation,,,Yes,TRUE,8,2011,,,https://www.astrapi-corp.com,,17217 Waterview Pkwy,Dallas,Texas,United States,,
"Pendulum Analytics, Inc.",,,Yes,TRUE,3,2019,,,https://www.pendanalytics.com,,9658 Baltimore Ave,College Park,Maryland,United States,,
Freestate Optics,,,Yes,TRUE,,,,,,,,,,United States,,
Future Mobility Labs,,,Yes,TRUE,,,,,https://incentrip.org/Default.html,,,,,United States,,
Hawkeye MedTech Inc,,,Yes,TRUE,4,2015,,,http://www.hawkeyemedtech.com/,,387 Tchnology Dr Ste 3119,College Park,Maryland,United States,,
"InventWood, LLC",,,,TRUE,11,2016,Maryland,United States,https://inventwood.com,,4467 Tech Dr Rm 3104,College Park,Maryland,United States,,
pathOtrak,,,Yes,TRUE,2,2019,,,https://pathotrak.com/,,9517 Ewing Dr,Bethesda,Maryland,United States,,
VisiSonics Corporation,,,Yes,TRUE,3,2010,,,https://visisonics.com/,,6800 Koandah Gdns,Highland,Maryland,United States,,
Test Case Microsoft,,,Yes,FALSE,,,,,,,,,,United States,,
Engineering and Scientific Research Associates,,,No,FALSE,,,,,,,,,,United States,,
"Airgility, Inc.",,,Yes,TRUE,12,2017,,,https://www.airgility.co,,5145 Campus Dr,College Park,Maryland,United States,,
Door Robotics,,,Yes,TRUE,6,2017,,,https://www.doorrobotics.com,,4467 Technology Dr,College Park,Maryland,United States,,
"Ekstasis, LLC",,,No,TRUE,,,,,,,,,,United States,,
Free Range Humans,,,,TRUE,1,,,,https://www.freerangeworld.com,,5500 Buckeystown Pike,Frederick,Maryland,United States,,
Games for Change,,,Yes,TRUE,,2004,,,https://www.gamesforchange.org/,,335 Madison Ave,New York,New York,United States,,
IRIS,,,Yes,TRUE,,,,,,,,,,United States,,
JAX Digital,,,Yes,TRUE,2,2016,,,https://www.jaxdigital.io/,,8536 Manchester Rd,Silver Spring,Maryland,United States,,
MPLEX,,,Yes,TRUE,4,2020,,United States,https://www.mplexvr.com,,4467 Technology Advmnt Bldg,College Park,Maryland,United States,,
North Carolina State (NC State),,,No,TRUE,,,,,,,,,,United States,,
Quidient,,,Yes,TRUE,3,2015,,,https://quidient.com/,,7142 Columbia Gateway Dr,Columbia,Maryland,United States,,
Smith MBA Student,,,No,TRUE,,,,,,,,,,United States,,
University of Maryland - College Park,,,No,TRUE,,,,,,,,,,United States,,
virginia tech,,,No,TRUE,,,,,,,,,,United States,,
What are Those?,,,No,TRUE,3,,,,https://www.whatarethose.com,,,,,United States,,
Wildflower Turf US,,,Yes,TRUE,,,,,https://wftna.com/,,,,,United States,,
ZeroDay Law,,,No,TRUE,2,2019,,,https://www.zerodaylaw.com,,5216 Marlyn Dr,Bethesda,Maryland,United States,,
Rakta Therapeudics,,,,TRUE,,2015,,,,,,,,United States,,
AMPX Technologies Inc.,,,Yes,TRUE,3,2018,,,http://ampxtech.com,,4467 Technology Advmnt Bldg,College Park,Maryland,United States,,
"Electro-Media Design, Ltd.",,,Yes,TRUE,,1990,Maryland,United States,https://www.electro-media.com/,,973 Russell Ave Ste C,Gaithersburg,Maryland,United States,,
"LORI KAYE BOOKER, LLC",,,Yes,TRUE,1,2019,,,,,2203 Vailthorn Rd,Baltimore,Maryland,United States,,
360VR Technology,,,Yes,TRUE,2,2018,,,360vrtechnology.com/,,,Newark,Delaware,United States,,
Mitre,,,No,TRUE,,,,,https://www.mitre.org/,,,,,United States,,
Ally Power Inc.,,,Yes,TRUE,2,2019,,,https://www.linkedin.com/company/ally-power/,,921 Caslon Way,Hyattsville,Maryland,United States,,
CRANENANO LLC,,,No,TRUE,1,2019,,,https://www.cranenano.com/about,,31 Orchard Dr,Gaithersburg,Maryland,United States,,
"Btu Insight, LLC",,,No,TRUE,,,,,,,,,,United States,,
"Biokmir, LLC",,,Yes,TRUE,1,2018,,,https://www.biokmir.com,,3221 Kaiser Drive,Ellicott City,Maryland,United States,,
"Bolston, LLC",,,Yes,TRUE,2,2020,Maryland,United States,https://bolston.net,,1519 York Road,Lutherville,Maryland,United States,,
HSR.health,,,Yes,TRUE,8,2021,,,https://www.hsr.health,,16321 Sw 103Rd Ter,Miami,Florida,United States,,
Ovalz,,,Yes,TRUE,4,2019,,,https://www.ovalz.io/,,7761 Diamondback Rd,College Park,Maryland,United States,,
Bed Poudel,,,No,TRUE,,,,,,,,,,United States,,
Silvec Biologics,,,,TRUE,2,2020,,United States,,,9600 gudelsky dr,Rockville,Maryland,United States,,
Decisionpoint Analtycis,,,Yes,TRUE,,,,,,,,,,United States,,
"High-T Tech, LLC",,,Yes,TRUE,6,2018,Maryland,United States,https://www.hight-tech.com/,,4467 Technology Drive,College Park,Maryland,United States,,
Nurostream LLC,,,Yes,TRUE,3,2018,Maryland,United States,www.nurostream.com,,,College Park,Maryland,United States,,
Paradigm One Benefit,,,No,TRUE,3,,,,https://www.paradigmtogo.com/,,4825 Cordell Avenue,Bethesda,Maryland,United States,,
ACTIVECharge,,,Yes,TRUE,2,2019,,,https://activecharge.us/,,,Washington,District of Columbia,United States,,
"ACUITYnano, LLC",,,Yes,TRUE,1,2013,,,http://www.acuitynano.com,,10300 Strathmore Hall St,Rockville,Maryland,United States,,
AlgenAir LLC,,,Yes,TRUE,1,2021,,,https://algenair.com,,6024 Broad St,Pittsburgh,Pennsylvania,United States,,
GREEN H2O INC,,,Yes,TRUE,1,,,,https://greenh2o.org,,11406 Manor Rd,Glen Arm,Maryland,United States,,
"NebuBuddies, LLC",,,Yes,TRUE,,,,,https://www.nebubuddies.com/,,,,,United States,,
Operational Precision Systems LLC,,,No,TRUE,5,2015,,,www.o-p-s.net,,3908 Bayside Rd,Snow Hill,Maryland,United States,,
PulseIQ,,,Yes,TRUE,1,2022,,,https://pulseiq.com,,318 Mississippi Ave,Silver Spring,Maryland,United States,,
"W2BioSolutions, LLC",,,Yes,TRUE,,,,,,,,,,United States,,
WeCook,,,Yes,TRUE,,,,,,,,,,United States,,
Advancing Synergy,,,Yes,TRUE,3,2009,,,https://advancingsynergy.com,,12155 Pond Pine Dr,Clarksburg,Maryland,United States,,
Early Charm,,,Yes,TRUE,,,,,,,,,,United States,,
Nostopharma LLC,,,Yes,TRUE,,2016,,,https://nostopharma.com/,,,,,United States,,
Microsphere Material Solutions LLC,,,Yes,TRUE,3,2016,,,https://www.linkedin.com/company/microsphere-material-solutions/about/,,7226 Old Gate Rd,Rockville,Maryland,United States,,
Ion Storage Systems,,,Yes,TRUE,60,2019,Maryland,United States,https://ionstoragesystems.com,,12500 Baltimore Ave,Beltsville,Maryland,United States,,
"InovCares Connected Comprehensive Healthcare, LLC",,,Yes,TRUE,2,2021,,,https://inovcares.com/contact,,504 Fair St Sw,Atlanta,Georgia,United States,,
OcuClips LLC,,,Yes,TRUE,,,,,www.ocuclips.com,,"3020 lancelot cross, ellicott city, MD 21042",Ellicott,Maryland,United States,,
GlycoT Therapeutics LLC,,,Yes,TRUE,4,2015,Maryland,United States,https://glycot.com/,,"1450 S. Rolling Rd., Suite 4331",Halethorpe,Maryland,United States,,
QuikReversal,,,Yes,TRUE,1,2020,,,,,985 Amsterdam Ave,New York,New York,United States,,
Quaxys,,,Yes,TRUE,1,2020,,,https://quaxys.com,,5405 Tuckerman Ln,Rockville,Maryland,United States,,
"N5 Sensors, Inc.",,,Yes,TRUE,33,2012,Maryland,United States,www.n5sensors.com,,9610 Med Ctr Dr Ste 200,Rockville,Maryland,United States,,
UCleaner L.L.C.,,,Yes,TRUE,4,2022,,,https://ucleaner.com,,1405 South Fern Street #524,Arlington,Virginia,United States,,
Hazel Analytics,,,Yes,FALSE,1,2014,,,https://hazelanalytics.com,,10402 Broadfield Ct,Potomac,Maryland,United States,,
"Gaskiya Diagnostics, LLC",,,Yes,TRUE,1,2016,,United States,https://www.automarinesys.com,,1100 Wicomico St Ste 323,Baltimore,Maryland,United States,,
ExoLytics Inc.,,,Yes,TRUE,,2020,,United States,https://exolytics.com/,,"9430 Key West Avenue
Suite 200E",Rockville,Maryland,United States,,
"ForensIQ, Inc.",,,Yes,TRUE,1,2011,,United States,https://forensiq-inc.com,,8775 Teresa Ln,Laurel,Maryland,United States,,
Xeno XR,,,No,FALSE,,,,United States,,,,,,United States,,
Alirtify,,,Yes,TRUE,1,2019,,United States,https://alirtify.com/,,118 N Market St,Frederick,Maryland,United States,,
Living Canopies,,,Yes,TRUE,5,2015,,,https://www.coolgreenshelters.com,,4318 Sheridan St,University Park,Maryland,United States,,
Blimp Logistics,,,Yes,TRUE,1,2020,,United States,https://blimplogistics.com,,9011 Gettysburg Ln,College Park,Maryland,United States,,
Hyve,,,Yes,TRUE,2,2020,,,www.hyve.ai,,11 East Loop Road New York,New York,New York,United States,,
"OcuFLOW, Inc",,,Yes,FALSE,12,2017,,,,2019,2401 W Belvedere Ave,Baltimore,Maryland,United States,,
InterEdCo,,,No,TRUE,,,,,,,,,,United States,,
PrecNA LLC,,,Yes,TRUE,1,2021,,United States,https://www.precna.com,,14724 Latakia Pl,North Potomac,Maryland,United States,,
Nanobiofab,,,Yes,TRUE,5,,,,http://nanobiofab.com,,4539 Metropolitan Ct,Frederick,Maryland,United States,,
"Bashpole Software, Inc.",,,Yes,TRUE,7,2008,,,https://bashpolesoftware.com,,8791 E Wesley Ln,North Webster,Indiana,United States,,
Shrink Ray LLC,,,Yes,TRUE,1,2018,,,https://www.shrink-ray.com/,,,,,United States,,
"Ambay Immune Sensors and Controls, LLC",,,Yes,TRUE,5,2008,,,https://ambaykit.com,,"20140 Scholar Drive, TIC, Suite 110",Hagerstown,Maryland,United States,,
"Vapor Cell Technologies, LLC",,,Yes,TRUE,3,2020,,,https://vaporcelltechnologies.com,,2237 Pine St,Boulder,Colorado,United States,,
Greener Box Inc.,,,Yes,TRUE,2,2020,,United States,https://www.flyripple.org,,302 Cheltenham Dr,Stephens City,Virginia,United States,,
MARS Technology LLC,,,Yes,TRUE,2,2019,Maryland,United States,https://www.marstechnology.info,,,College Park,Maryland,United States,,
Peatland Technologies LLC,,,Yes,TRUE,1,2020,,United States,www.peatland-technologies.com,,4337 Clagett Road,University Park,Maryland,United States,,
Travel Rx LLC,,,Yes,TRUE,2,2021,Maryland,United States,None,,812 Ryan St,Baltimore,Maryland,United States,,
Digital Network Group,,,Yes,TRUE,2,2008,,United States,https://www.digitalnetworkgroup.net/,,1100 Mercantile Ln,Largo,Maryland,United States,,
Liteskan,,,Yes,TRUE,,,,United States,,,,,,United States,,
Tomorrow's Bio Today (DBA Stay Fresh),,,Yes,TRUE,,,,United States,,,,,,United States,,
"Lunacita, LLC",,,,TRUE,1,2020,Maryland,United States,,,,,,United States,,
Dirigible Systems,,,,TRUE,2,2020,,United States,https://dirigible.systems,,363 Buckingham Way,Westminster,Maryland,United States,,
MindStand,,,,TRUE,,,,United States,,,,,,United States,,
"Insight Engineering, Inc.",,,,TRUE,5,1991,,United States,https://www.iengri.com/,,,,,United States,,
"Real World Ready, LLC",,,,TRUE,2,2011,,United States,,,6418 Buena Vista Dr,Margate,Florida,United States,,
Radii Goggles,,,No,TRUE,1,2013,,United States,,,2603 Maple Rock Rd,Hanover,Maryland,United States,,
Mantrah,,,Yes,TRUE,,,,United States,,,,,,United States,,
The Literacy Shop,,,Yes,TRUE,1,,,United States,https://www.theliteracyshop.com,,,,,United States,,
Spread Karma,,,,TRUE,2,2019,,United States,http://www.spreadkarma.org,,,Baltimore,Maryland,United States,,
Zabardash,,,Yes,TRUE,,,,United States,https://www.linkedin.com/company/zabardash/,,,,,United States,,
"PerSoN Clinic, LLC",,,Yes,TRUE,10,2017,Maryland,United States,https://person.caree,,10719 Kings Riding Way,Rockville,Maryland,United States,,
LoopED Surgical,,,Yes,TRUE,,,,United States,,,,,,United States,,
Solid Ox Motors Inc.,,,Yes,TRUE,2,2021,,United States,liquid-charge.com,,10601 Clarence Dr,Frisco,Texas,United States,,
"X-wave Innovations, Inc",,,Yes,TRUE,2,2009,,United States,https://www.x-waveinnovations.com/index.html,,555 Quince Orchard Rd,Gaithersburg,Maryland,United States,,
,,,Yes,TRUE,1,,,United States,http://www.kloudtrack.com,,"6010 Executive Boulevard,  Suite 802",Rockville,Maryland,United States,,
Haystack Solutions,,,Yes,TRUE,,2021,,,,,,,,United States,,
"ReVacc, Inc.",,,Yes,TRUE,,,,United States,,,,,,United States,,
Sarat Investment LLC dba Getwele Natureceuticals,,,Yes,TRUE,3,2012,,United States,https://getwele.com,,1445 Langford Rd,Gwynn Oak,Maryland,United States,,
TCE Incorporated,,,Yes,TRUE,,,,United States,,,,,,United States,,
TuneURL Inc.,,,Yes,TRUE,1,2017,,United States,https://www.tuneurl.com,,4902 Jamestown Rd,Bethesda,Maryland,United States,,
Sanchez Engineering Services,,,Yes,TRUE,6,,,United States,https://www.sanchezeng.com/,,,,,United States,,
Medemos,,,Yes,FALSE,,,,United States,,,,,,United States,,
Core Value Corporation,,,Yes,TRUE,7,2016,,United States,https://www.southernmarylanddietitian.com/,,4560 Crain Highway Suite 11,White Plains,Maryland,United States,,
NextGlass LLC,,,Yes,TRUE,,2021,,,,,12009 Montrose Village Terrace,Rockville,Maryland,United States,,
NDN International LLC,,,Yes,TRUE,,,,,,,12016 Great Elm Dr,Potomac,Maryland,United States,,
Cyberstanc Corp.,,,Yes,TRUE,1,2020,,,www.cyberstanc.com,,8 The Green STER,Dover,Delaware,United States,,
Virtual Apprentice,,,Yes,TRUE,5,2019,,,https://www.virtualapprentice.net,,4865 Cordell Ave,Bethesda,Maryland,United States,,
SAFE Inc.,,,Yes,TRUE,2,2020,,,https://www.somdlovesyou.org/,,308 Potomac Street,Rockville,Maryland,United States,,
UpTahr Analytics,,,Yes,TRUE,,,,,https://www.uptahr.com/,,,,,United States,,
Situationist Studio,,,Yes,TRUE,,,,,http://www.situationists.io,,,,,United States,,
Robinson Scientifics LLC,,,Yes,TRUE,,2020,,,,,5000 Thayer Center Ste C,Oakland,Maryland,United States,,
Rise Technology Inc,,,Yes,TRUE,4,2020,,,http://www.mytrisetech.com,,5127 Rowan Dr,San Ramon,California,United States,,
Prommuni,,,Yes,TRUE,,,,,prommuni.com,,,Washington,District of Columbia,United States,,
Org Kulture,,,Yes,TRUE,,,,,,,,,,United States,,
LibraXAI,,,Yes,TRUE,,,,,LibraX.ai,,,,,United States,,
MYLOFN,,,Yes,TRUE,2,,,,https://mylofn.com/,,43924 Plumleaf Way,California,Maryland,United States,,
"My Field Trip, Inc.",,,Yes,TRUE,7,2020,,,myfieldtrip.us,,,Washington,District of Columbia,United States,,
Maryland Medical Industries,,,Yes,TRUE,,,,,,,,,,United States,,
Maryland Data Science and Engineering,,,Yes,TRUE,1,2020,,,,,9354 Mellenbrook Rd,Columbia,Maryland,United States,,
Lasarrus Clinic and Research Center,,,Yes,TRUE,13,2021,Maryland,United States,https://www.lasarrus.com/privacy-policy,,634 Kittendale Cir,Middle River,Maryland,United States,,
"Kick Robotics, LLC",,,Yes,TRUE,3,2020,,,https://kickrobotics.com/,,4806 Westway Dr,Bethesda,Maryland,United States,,
"InfraTrac, Inc.",,,Yes,TRUE,,,Maryland,United States,https://infratrac.com/,,8070 Georgia Ave,Silver Spring,Maryland,United States,,
"IES Life Sciences, Inc.",,,Yes,TRUE,1,2018,,,http://www.ieslifesciences.com,,104 Tech Park Dr,Cambridge,Maryland,United States,,
Doceo,,,No,TRUE,,,,,,,,,,United States,,
"Hydrus.ai, Inc.",,,Yes,TRUE,10,2019,,,https://www.hydrus.ai,,4467 Technology Drive,College Park,Maryland,United States,,
First Responders Rock,,,Yes,TRUE,,,,,,,,,,United States,,
Cyber-ology,,,Yes,TRUE,,,,,,,,,,United States,,
BETR CBD,,,Yes,TRUE,,2021,,,https://betrcbd.com,,10940 S Parker Road Suite 752,Parker,Colorado,United States,,
Aevus Precision Diagnostics Corp.,,,Yes,TRUE,5,2018,,,https://aevus.ai/index.html,,3301 12Th Ave Se,Norman,Oklahoma,United States,,
"Auxergen, Inc.",,,Yes,TRUE,3,,,,https://auxergen.com,,701 E Pratt St,Baltimore,Maryland,United States,,
Anonitech,,,Yes,TRUE,3,2020,,,https://anonitech.com,,3000 Cluster Pines Ct,Ellicott City,Maryland,United States,,
"Antroniks, LLC",,,Yes,TRUE,,,,,,,,,,United States,,
Advanced Biomimetic Sensors,,,Yes,TRUE,3,2006,,,https://www.abs-isensors.com/contact,,6710A Rockledge Dr,Bethesda,Maryland,United States,,
"Adloris, ltd",,,Yes,TRUE,,,,,,,,,,United States,,
1787fp,,,Yes,TRUE,5,2016,,,https://www.1787fp.co,,,,,United States,,
Pirl Technology,,,Yes,TRUE,,,,,,,,,,United States,,
Barter Black,,,Yes,TRUE,1,2021,,,https://www.barter-black.com/,,16701 Melford Blvd,Bowie,Maryland,United States,,
PZA innovation LLC,,,Yes,TRUE,2,2020,,,https://pzainnovation.com,,403 Far Hills Ct,Towson,Maryland,United States,,
DopaMe,,,Yes,TRUE,,,,,,,,,,United States,,
DNA Analytics,,,Yes,TRUE,3,2001,,,https://dnaanalytics.com,,10 Lakeview Cir,Greenbelt,Maryland,United States,,
nurselynx inc,,,Yes,TRUE,,,,,,,,,,United States,,
SpringGem Weather Information,,,Yes,TRUE,1,2017,,,https://sg-weather.com,,10804 Tuckahoe Way,North Potomac,Maryland,United States,,
"Drakeford, Scott, & Associates LLC",,,Yes,TRUE,5,,,,https://drakefordassociates.org/,,9701 Apollo Dr Ste 301,Largo,Maryland,United States,,
CoolWave,,,Yes,TRUE,,,,,,,,,,United States,,
"Recurrent Computing, Inc.",,,Yes,TRUE,2,2019,Virginia,United States,https://www.linkedin.com/company/recurrent-computing-inc/,,1102 Arboroak Pl,Herndon,Virginia,United States,,
Konnex Inc,,,Yes,TRUE,,,,,,,,,,United States,,
Bluelene,,,Yes,TRUE,,,,,,,,,,United States,,
MCube,,,,TRUE,,,,,,,,,,United States,,
Commonwealth Holdings International,,,Yes,TRUE,,,,,,,,,,United States,,
Tauros Engineering,,,Yes,FALSE,0,2013,,,,,9124 Falls Chapel Way,Potomac,Maryland,United States,,
The Black Vote LLC,,,Yes,TRUE,1,,,,https://theblackvoters.com/,,,,,United States,,
Gestech,,,No,TRUE,,,,,,,,,,United States,,
Impruvon,,,Yes,TRUE,2,2020,,,https://impruvonhealth.com/,,7206 Kitchen Dr,King George,Virginia,United States,,
RELAI,,,No,TRUE,,,,,https://relai.ai,,,,,United States,,
William Edwards LLC,,,Yes,TRUE,1,2015,,,,,,,,United States,,
"Primavera Biosciences, Inc.",,,Yes,TRUE,,,,,,,,,,United States,,
LiS BMS,,,,TRUE,,,,,,,,,,United States,,
Prothymos Technologies,,,Yes,TRUE,7,2019,,,,,1217 Mcadoo Ave,Gwynn Oak,Maryland,United States,,
gaja,,,Yes,TRUE,,,,,,,,,,United States,,
AllTrueVision Studios LLC,,,Yes,TRUE,,,,,https://www.alltrue.vision,,"370 West Johnson Street
Apt. C1",Philadelphia,Pennsylvania,United States,,
Puppy Mate LLC,,,Yes,TRUE,,,,,,,,,,United States,,
The New Chemist,,,Yes,TRUE,,,,,,,,,,United States,,
Muthabara Innovations LLC,,,Yes,TRUE,,,,,,,"1614 Albert drive
Bowie , MD 
20721",Bowie,Maryland,United States,,
"GaiaXus, LLC.",,,Yes,TRUE,5,2021,Maryland,United States,www.gaiaxus.com,,4825 Cordell Avenue,Bethesda,Maryland,United States,,
Training Optimization System,,,Yes,TRUE,1,2013,,,http://trainingoptimizationsystem.com/,,11739 Bryce Overlook Ct,Columbia,Maryland,United States,,
Globally Unified Air Quality Inc.,,,Yes,TRUE,2,2021,,,https://www.guaq.tech,,3400 Prospect St Nw,Washington,District of Columbia,United States,,
DeJesus Solutions - Social Capital Builders,,,Yes,TRUE,2,2018,,,https://socialcapitalbuilders.com,,10005 Running Sand Knl,Laurel,Maryland,United States,,
"Intraderm, LLC",,,Yes,TRUE,1,2016,,,,,2657 Annapolis Rd,Hanover,Maryland,United States,,
PiaBlue,,,No,TRUE,,,,,,,,,,United States,,
Illuminate Therapeutics,,,No,TRUE,,,,,,,,,,United States,,
"Sound Peace, LLC",,,Yes,TRUE,,,,,,,,,,United States,,
Rapid Molecular Diagnostics,,,Yes,TRUE,,,,,,,,,,United States,,
Smart Marbles,,,No,TRUE,,,,,,,,,,United States,,
"Enployable, Inc.",,,Yes,TRUE,8,2020,Virginia,United States,https://www.enployable.com,,1775 Tysons Boulevard,McLean,Virginia,United States,,
Smart Wand,,,No,TRUE,,,,,,,,,,United States,,
High Noon Southern Fine Cuisine & Seafood LLC,,,Yes,TRUE,,,,,https://highnoonsouthernfine.com/home/,,3063 Marshall Hall RD Bryans Road,,Maryland,United States,,
Inhibitory Control System Research Hub,,,No,TRUE,,,,,,,,,,United States,,
Archerfish Co.,,,Yes,TRUE,,2021,,,,,111 Bridgegate Drive,Cary,North Carolina,United States,,
"Elipsys, LLC",,,Yes,TRUE,3,,,,https://www.elipsystech.com,,,Chapel Hill,North Carolina,United States,,
"Phase, Inc.",,,Yes,TRUE,1,,,,http://www.phaseinc.net,,11148 TREYNORTH DR,Cornelius,North Carolina,United States,,
Centrifugal Mirror Fusion Power,,,No,TRUE,,,,,,,,,,United States,,
Photo Sleuth,,,No,TRUE,,,,,,,,,,United States,,
DryMe,,,No,TRUE,,,,,,,,,,United States,,
Astek Diagnostics Inc.,,,Yes,TRUE,1,2020,,,https://astekdx.com/#about-us,,1450 S Rolling Rd,Baltimore,Maryland,United States,,
CompassionateSynergy,,,No,TRUE,,,,,,,,,,United States,,
UMD-Plant Genome Editing team,,,No,TRUE,,,,,,,,,,United States,,
Deeper Learning LLC,,,No,TRUE,3,2022,,,,,115 Tall Grass Ln,La Plata,Maryland,United States,,
"HaloCy Tech, LLC",,,,TRUE,,2019,,,http://www.halocytech.com/about/,,4709 Harford Road STE 5,Baltimore,Maryland,United States,,
Smart Underwear,,,No,TRUE,,,,,,,,,,United States,,
"Empowered Wellness, LLC",,,Yes,TRUE,8,2021,,,https://epwellness.net/,,5812 Barnwood Pl,Columbia,Maryland,United States,,
STAR Leadership Institute,,,Yes,TRUE,,,,,,,,,,United States,,
"The Literacy Rescue, LLC",,,Yes,TRUE,1,2020,,,https://literacyrescue.org,,1215 Saint Agnes Ln,Gwynn Oak,Maryland,United States,,
Science Inquiry Learning,,,No,TRUE,,,,,,,,,,United States,,
Carnegie Mellon University,,,No,TRUE,,,,,,,,,,United States,,
UNC Weight Research,,,No,TRUE,2,2019,,,,,1700 Martin Luther King Jr Blvd,Chapel Hill,North Carolina,United States,,
Coast Vital,,,Yes,TRUE,,,,,,,,,,United States,,
Banso Sauce,,,No,TRUE,1,,,,,,,,,United States,,
YMO Bags,,,No,TRUE,,,,,,,,,,United States,,
Li-iL,,,No,TRUE,,,,,,,,,,United States,,
Apple Tree Architecture Project,,,No,TRUE,,,,,,,,,,United States,,
Performab,,,No,TRUE,,,,,,,,,,United States,,
Dost,,,No,TRUE,,,,,,,,,,United States,,
SwimMission Swim Cap,,,No,TRUE,,,,,,,,,,United States,,
Deep Dive,,,No,TRUE,,,,,,,,,,United States,,
Team Kai,,,No,TRUE,,,,,,,,,,United States,,
"Djit Medtech, Inc.",,,No,TRUE,3,2022,,,https://www.djit-medtech.com/,,1628 Bolton Street,Baltimore,Maryland,United States,,
CryptoGames,,,No,TRUE,,,,,,,,,,United States,,
Edulis Therapeutics Inc.,,,No,TRUE,3,2022,,,www.edulis.xyz,,,Pittsburgh,Pennsylvania,United States,,
Tri-IT Solutions,,,Yes,TRUE,1,2011,,,https://www.tri-itsolutions.com/,,10003 Marriottsville Rd,Randallstown,Maryland,United States,,
Vision Planning and Consulting,,,,TRUE,,,,,,,,,,United States,,
"Pretzl, LLC",,,,TRUE,,,,,,,,,,United States,,
University Startups,,,,TRUE,,,,,,,,,,United States,,
Myriddian LLC,,,,TRUE,,,,,,,,,,United States,,
"SeeTrue Technology, LLC",,,,TRUE,,,,,,,,,,United States,,
Slip Signal Technologies LLC,,,,TRUE,,,,,,,,,,United States,,
"Sciens Innovations, LLC",,,,TRUE,,,,,,,,,,United States,,
CurieDx,,,,TRUE,,,,,,,,,,United States,,
Healable,,,,TRUE,,,,,,,,,,United States,,
Datalytica,,,,TRUE,,,,,,,,,,United States,,
"Emission Strategies, Inc. d/b/a Sinc Energy",,,Yes,TRUE,,,,,,,,,,United States,,
Tema LLC,,,Yes,TRUE,2,2020,,,https://www.temainnovations.com/home,,1720 Wilmart Street,Rockville,Maryland,United States,,
Cusack Prep LLC,,,No,TRUE,1,2020,,,https://www.cusackprep.com/aboutus,,5141 Dudley Ln,Bethesda,Maryland,United States,,
Eric Lee,,,No,TRUE,,,,,,,,,,United States,,
Hanan Samet Associates,,,No,TRUE,2,2012,,,,,9308 Cherry Hill Rd,College Park,Maryland,United States,,
Jason Nixon,,,No,TRUE,,,,,,,,,,United States,,
DeepMirror Inc.,,,No,TRUE,30,2019,,,https://www.deepmirror.com,,,,,United States,,
Consistency,,,No,TRUE,,,,,,,,,,United States,,
PainAllay,,,No,TRUE,,,,,,,,,,United States,,
"Gmork_Tech, LLC",,,Yes,TRUE,,,,,,,528 Summit Ave,Hagerstown,Maryland,United States,,
Great Lakes I-Corps Hub,,,No,TRUE,,,,,,,,,,United States,,
Glycan Therapeutics Corporation,,,Yes,TRUE,9,2013,,,https://www.glycantherapeutics.com/,,617 Hutton St,Raleigh,North Carolina,United States,,
Kurbie LLC,,,No,TRUE,,,,,,,114 Riverside Rd,Essex,Maryland,United States,,
Xeddy Inc,,,Yes,TRUE,3,2021,Maryland,United States,https://www.xeddy.app/,,12308 Justice Pl,Glenn Dale,Maryland,United States,,
HR Geckos,,,Yes,TRUE,1,2018,,,https://hrgeckos.com/,,4007 Candle Light Dr,Dayton,Maryland,United States,,
VR Arm Strap,,,No,TRUE,,,,,,,,,,United States,,
Patrick McCluskey,,,No,TRUE,,,,,,,,,,United States,,
New Integration Photonics,,,No,TRUE,,,,,,,,,,United States,,
Hydraze,,,Yes,TRUE,1,,,,https://www.hydrazeinc.com,,,College Park,Maryland,United States,,
BSS Technologies Inc.,,,Yes,TRUE,,,,,,,,,,United States,,
EnSight Bio,,,No,TRUE,,,,,,,,,,United States,,
PlayWell Gamifications,,,,TRUE,,,,,,,,,,United States,,
MesaGreen Pharmaceutical Co.,,,,TRUE,2,2016,,,www.mesagreenpharma.com,,4539 Metropolitan Court  Suite 207,Frederick,Maryland,United States,,
Integrated Pharma Services,,,,TRUE,5,2018,,,https://www.integratedpharmaservices.com,,4 Research Ct,Rockville,Maryland,United States,,
Ionic ST,,,,TRUE,4,2017,,United States,https://www.ionicst.com,,8100 Boteler Ln,College Park,Maryland,United States,,
OncoGone,,,,TRUE,,,,,,,,,,United States,,
Trivance Design,,,Yes,TRUE,2,2016,,,https://trivancedesign.com,,2710 Flintridge Ct,Myersville,Maryland,United States,,
Cide Kic,,,Yes,TRUE,2,2017,,,https://cidekic-stage.com/public/login,,1833 New Hampshire Avenue,Washington,District of Columbia,United States,,
Ultra V Technologies,,,,TRUE,1,,,,,,,,,United States,,
LaunchPad Music LLC DBA MuSchool,,,,FALSE,,,,,,,,,,United States,,
Federal Network Security,,,,TRUE,,,,,,,,,,United States,,
Cognivo,,,No,FALSE,,,,,,,,,,United States,,
Unit.io,,,,TRUE,5,2021,,,Unit.io,,,Silver Spring,Maryland,United States,,
NOAA,,,,TRUE,,,,,,,,,,United States,,
Henry Hausmann,,,,TRUE,,,,,,,,,,United States,,
Epsilon Innovation Group Inc.,,,,TRUE,1,2012,,,https://www.epsiloninnovation.com/index.html,,11343 Baroque Rd,Silver Spring,Maryland,United States,,
Plastics Upcycling,,,,TRUE,,,,,,,,,,United States,,
Carbon Lockdown,,,,TRUE,3,2022,,,https://carbonlockdown.net,,,College Park,Maryland,United States,,
DAIS Team,,,No,TRUE,,,,,,,,,,United States,,
RoboXR,,,,FALSE,,,,,,,,,,United States,,
NuMoon Spectroscopy LLC.,,,No,TRUE,,,,,https://numoontech.com,,,,,United States,,
Calibr8,,,No,TRUE,,,,,,,,,,United States,,
Growing-Phosphorus,,,No,TRUE,,,,,,,,,,United States,,
"Perfectly Present, Inc",,,Yes,TRUE,,,,,,,,,,United States,,
Pocket Planner Inc,,,Yes,TRUE,5,2019,,,https://pocketplan.io,,5850 Waterloo Rd,Columbia,Maryland,United States,,
Skeyebots,,,No,TRUE,,,,,,,,,,United States,,
FutureSecurity,,,No,TRUE,,,,,,,,,,United States,,
Kubaza WAM Tech,,,No,TRUE,1,,,,,,,,,United States,,
Drones at Night,,,No,TRUE,,,,,,,,,,United States,,
You Heal With Horticulture,,,Yes,TRUE,2,2018,,,,,330 S Morris St,Snow Hill,Maryland,United States,,
Team Donnan for the Future,,,No,TRUE,,,,,,,,,,United States,,
"Aligned IT, LLC.",,,,TRUE,,,,,https://www.alignedit.com/,,,,,United States,,
Error Corp.,,,Yes,TRUE,1,2020,,United States,https://www.linkedin.com/company/error-corp/,,4405 E West Hwy,Bethesda,Maryland,United States,,
The Bowie Sun,,,Yes,TRUE,3,2021,,,https://bowiesun.com,,9408 Van Buren St,Lanham,Maryland,United States,,
Odin Electric,,,No,TRUE,,,,,,,204 Ashley Drive,Centreville,Maryland,United States,,
"Vitalize Care, Inc.",,,Yes,TRUE,10,2021,,United States,https://vitalizecare.co/,,800 Indiana Street,San Francisco,California,United States,,
STORC,,,No,TRUE,,,,,https://www.storc.org/,,"WASHINGTON, DC",WASHINGTON,District of Columbia,United States,,
Children's National Research Institute,,,No,TRUE,,,,,,,,,,United States,,
Team Test,,,No,TRUE,,,,,,,,,,United States,,
Axient,,,Yes,TRUE,,,,,,,,,,United States,,
Robust operations - supply chain risk management,,,No,TRUE,,,,,,,,,,United States,,
Morphing Program,,,No,TRUE,,,,,,,,,,United States,,
ESRA,,,Yes,TRUE,,,,,,,,,,United States,,
Cloud Experimental Design and Optimization (CLEDO),,,No,TRUE,,,,,,,,,,United States,,
Par Save Technologies,,,No,TRUE,,,,,,,,,,United States,,
Tipnpost LLC,,,Yes,TRUE,1,2016,,,https://tipnpost.com/company,,10440 Little Patuxent Pkwy Ste 300,Columbia,Maryland,United States,,
BioBot,,,No,TRUE,,,,,,,,,,United States,,
Fabric Transport Services,,,No,TRUE,,,,,,,,,,United States,,
SmartContact Team,,,No,TRUE,,,,,,,,,,United States,,
Sorbenta,,,No,TRUE,,,,,,,,,,United States,,
functional food innovation for reducing the risk of COVID-19 disease,,,No,TRUE,,,,,,,,,,United States,,
Neuro HealthShield,,,No,TRUE,,,,,,,,,,United States,,
"Weinberg Medical Physics, Inc.",,,Yes,TRUE,8,2008,,,https://www.weinbergmedicalphysics.com/,,12156 Parklawn Dr,North Bethesda,Maryland,United States,,
ARCH DASH,,,Yes,TRUE,,,,,,,,,,United States,,
Pharmaceutical sciences,,,No,TRUE,,,,,,,,,,United States,,
Diamond magnetometer,,,No,TRUE,,,,,,,,,,United States,,
Reversible Electroadhesion,,,,TRUE,,,,,,,,,,United States,,
Otophoto,,,,TRUE,,,,,,,,,,United States,,
VR for Dyslexia,,,,TRUE,,,,,,,,,,United States,,
"Inception Robotics, LLC",,,,TRUE,2,2021,,,https://inceptionrobotics.ai,,4467 Technology Drive  Suite 3110C,College Park,Maryland,United States,,
Autoimmune Disease Cure,,,,TRUE,,,,,,,,,,United States,,
Dead Poultry Retrieval System,,,No,TRUE,,,,,,,,,,United States,,
MantaCode,,,,TRUE,,,,,,,,,,United States,,
EcoScope,,,No,TRUE,,,,,,,,,,United States,,
Stryde,,,No,TRUE,,,,,,,,,,United States,,
Team SCOOT,,,No,TRUE,,,,,,,,,,United States,,
"SentiMetrix, Inc",,,Yes,TRUE,7,2006,,,https://www.sentimetrix.com,,6017 Southport Drive,Bethesda,Maryland,United States,,
PrintSil,,,No,TRUE,,,,,,,,,,United States,,
Scinetics,,,Yes,TRUE,1,2018,,,https://scineticsinc.com/,,2915 Islay Ct,Abingdon,Maryland,United States,,
"Act2End, LLC",,,Yes,TRUE,1,,,,https://www.act2endcoaching.comm,,"1190 West Northern Parkway
Apt 910",Baltimore,Maryland,United States,,
Intertrode,,,No,TRUE,,,,,,,,,,United States,,
"TitanMadeX, LLC",,,No,TRUE,,,,,,,,,,United States,,
"MedaApptic, LLC",,,Yes,TRUE,,,,,,,,,,United States,,
"Collective Good DX, Inc.",,,Yes,TRUE,4,2022,,,https://www.collectivegood.io,,,Chapel Hill,North Carolina,United States,,
Autonomous Micro Air Vehicle (AMAV) Team,,,No,TRUE,,,,,,,,,,United States,,
Right-ADM,,,No,TRUE,,,,,,,,,,United States,,
Ballmecca Inc.,,,Yes,TRUE,1,2023,,,https://www.ballmecca.com/,,4709 Harford Road,Baltimore,Maryland,United States,,
Nc EnviroScan,,,No,TRUE,,,,,,,,,,United States,,
EG Whiteley Ent LLC,,,No,TRUE,1,,,,,,,,,United States,,
Alchemity LLC,,,Yes,TRUE,5,2021,,,https://alchemity.tech/,,9469 Lovat Road,Fulton,Maryland,United States,,
Lica-Tech Inc.,,,No,TRUE,3,2022,,,www.lica-tech.com,,,Pittsburgh,Pennsylvania,United States,,
QubitSolve Inc.,,,Yes,TRUE,4,,,,https://www.qubitsolve.com/,,2006 White Oak Dr,Morgantown,West Virginia,United States,,
Holding Name: Medical Device (Rayan Alabsi),,,,TRUE,,,,,,,,,,United States,,
Hoilding Name: Agriculture (Kriztina Christmon),,,Yes,TRUE,2,,,,https://repurposefarmplastic.com/,,,,,United States,,
Green Geothermal Heating and Cooling,,,No,TRUE,,,,,,,,,,United States,,
CooperSoft,,,Yes,TRUE,1,2005,,,https://coopersoft.com/,,3407 Dunwood Crossing Dr,Bowie,Maryland,United States,,
COAST Lab,,,No,TRUE,,,,,,,,,,United States,,
"360 Dash, LLC",,,Yes,TRUE,1,2021,,,https://360dash.us,,672 Old Mill Road #167,Millersville,Maryland,United States,,
Applied Macromolecular Designs,,,No,TRUE,,,,,,,,,,United States,,
University of Maryland,,,No,TRUE,,,,,,,,,,United States,,
Fluid Reality Incorporated,,,Yes,TRUE,2,2022,,,https://www.fluidreality.com/,,,,,United States,,
Fourier Machines,,,No,TRUE,,,,,,,,,,United States,,
Electra Sun,,,Yes,TRUE,1,,,,https://electrasun.net/,,,,,United States,,
Werl Power,,,,TRUE,1,,,,,,,,,United States,,
Sustainabli,,,Yes,TRUE,4,2022,,,https://www.linkedin.com/company/sashimilab/,,,Baltimore,Maryland,United States,,
Gibbs Marketing LLC,,,Yes,TRUE,10,,,,https://www.gibbsmarketingllc.com,,5F,Millersville,Maryland,United States,,
"Drizzle Health, LLC",,,Yes,TRUE,2,2020,,,https://www.drizzlehealth.com/,,3107 Tilden Dr,Baltimore,Maryland,United States,,
Jaliyaa Coffee,,,Yes,TRUE,,,,,,,,,,United States,,
Avcentx Therapeutics,,,Yes,TRUE,1,,,,,,,,,United States,,
"VijoGeo, LLC",,,Yes,TRUE,,,,,,,6718 DAM NUMBER 4 RD,SHARPSBURG,Maryland,United States,,
XR-Quantum,,,No,TRUE,,,,,,,,,,United States,,
Haptitude,,,No,TRUE,,,,,,,,,,United States,,
Kubanda Cryotherapy,,,Yes,TRUE,,,,,,,3600 Clipper Mill Road,Baltimore,Maryland,United States,,
POCUS Buddy Solutions,,,No,TRUE,,,,,,,,,,United States,,
Grease Garage,,,No,TRUE,,,,,,,,,,United States,,
XpeRience Science,,,Yes,TRUE,,2022,,,https://xperiencesci.com/,,,,,United States,,
UNCFSU Holding Name,,,No,TRUE,,,,,,,,,,United States,,
"Quantum Senses, LLC",,,Yes,TRUE,,,,,,,13701 HEBRON LN,UPPER MARLBORO,Maryland,United States,,
Transfinity Tidal Energy,,,No,TRUE,,,,,,,,,,United States,,
Precision Neuroscopics,,,Yes,TRUE,1,2015,,,https://www.precisionneuroscopics.com/,,4620 Henry St,Pittsburgh,Pennsylvania,United States,,
Fitness Tech LLC,,,,TRUE,1,2019,Maryland,United States,,,,,,United States,,
IoT ConstrucTech,,,No,TRUE,,,,,,,,,,United States,,
Alex's 3D Services,,,Yes,FALSE,1,2019,Maryland,United States,,,,,,United States,,
"BioBind, Inc.",,,Yes,TRUE,4,2019,,,https://www.linkedin.com/company/biobind-inc/about/,,4620 Henry St,Pittsburgh,Pennsylvania,United States,,
SUMZ,,,No,TRUE,,,,,,,,,,United States,,
Song Lab,,,,TRUE,,,,,,,,,,United States,,
"SinnovaTek, Inc.",,,Yes,TRUE,75,2016,,,https://www.sinnovatek.com,,2609 Discovery Dr,Raleigh,North Carolina,United States,,
Sanyal Biotechnology,,,Yes,TRUE,3,2019,,,,,25 James Falls Dr,Richmond,Virginia,United States,,
"NextStep Robotics, Inc.",,,Yes,TRUE,4,2017,,,https://www.nextsteprobo.com/,,800 W Baltimore St,Baltimore,Maryland,United States,,
"Spheringenics, Inc.",,,,TRUE,4,2007,,,,,800 E Leigh St,Richmond,Virginia,United States,,
Recurrent Dynamics,,,,TRUE,,,,,,,,,,United States,,
Repulse Technology,,,No,TRUE,,,,,,,,,,United States,,
Nanodynamics,,,,TRUE,,,,,,,,,,United States,,
"Scaled Microbiomics, LLC",,,No,TRUE,4,2017,,,https://scaledmicrobiomics.com,,706 Morningside Ave,Hagerstown,Maryland,United States,,
Immersive Data Analytics,,,,TRUE,,,,,,,,,,United States,,
VALOR Rx,,,,TRUE,3,2017,,,,,1311 Lael Forest Trl,Burlington,North Carolina,United States,,
MiRA,,,,TRUE,,,,,,,,,,United States,,
Tailored fit,,,Yes,TRUE,2,2022,,,,,1514 N Broadway,Baltimore,Maryland,United States,,
Autonomy Cognition and Robotics (ARC Lab,,,No,TRUE,,,,,,,,,,United States,,
Ali Karimian,,,No,TRUE,,,,,,,,,,United States,,
myfitrun,,,Yes,TRUE,3,2018,,,https://www.linkedin.com/company/myfitrun/,,,Washington,District of Columbia,United States,,
Adi Hajj-Ahmad,,,,TRUE,,,,,,,,,,United States,,
Akshay Bajaj,,,,TRUE,,,,,,,,,,United States,,
Alice Xie,,,No,TRUE,,,,,,,,,,United States,,
Anthony Nearman,,,,TRUE,,,,,,,,,,United States,,
Ava Omnidvar,,,,TRUE,,,,,,,,,,United States,,
Stacks,,,,TRUE,,,,,,,,,,United States,,
"Hale, Inc.",,,,TRUE,3,2017,,,https://halebreathing.com,,Post Office Box 5696,Baltimore,Maryland,United States,,
Aerogel,,,,TRUE,,,,,,,,,,United States,,
Arabic translation package,,,,TRUE,,,,,,,,,,United States,,
"Chesapeake Visions, LLC",,,,TRUE,1,2017,,,http://www.chesapeakevisions.com,,1304 Race St,Baltimore,Maryland,United States,,
Ali Faraji-Rad,,,,TRUE,,,,,,,,,,United States,,
Custom Spray Solutions,,,Yes,FALSE,2,2012,,,http://www.customspraysolutions.com,,800 Tanley Rd,Silver Spring,Maryland,United States,,
Adam Morra,,,,TRUE,,,,,,,,,,United States,,
Delta Z,,,No,TRUE,,,,,,,,,,United States,,
Futureproof Youth Alliance,,,,TRUE,,,,,https://www.futureproofyouthalliance.com,,,,,United States,,
Adam Hardie,,,No,TRUE,,,,,,,,,,United States,,
Andrew Karam,,,,TRUE,,,,,,,,,,United States,,
"Vortex Space Systems, LLC",,,,TRUE,1,2019,Maryland,United States,,,24225 Welsh Rd,Gaithersburg,Maryland,United States,,
Paul Bardack,,,,TRUE,,,,,,,,,,United States,,
Brian Jordan,,,,TRUE,,,,,,,,,,United States,,
Dr. Lawrence Wasserman,,,,TRUE,,,,,,,,,,United States,,
Jay Lee,,,,TRUE,,,,,,,,,,United States,,
Nail Gumerov,,,No,TRUE,,,,,,,,,,United States,,
Raymond Phaneuf,,,,TRUE,,,,,,,,,,United States,,
SecondWrite LLC,,,Yes,TRUE,8,2013,,,https://www.secondwrite.com,,,College Park,Maryland,United States,,
Norman Wereley,,,No,TRUE,,,,,,,,,,United States,,
Peter Zavalij,,,,TRUE,,,,,,,,,,United States,,
Radu Balan,,,No,TRUE,,,,,,,,,,United States,,
Mikhail Anisimov,,,,TRUE,,,,,,,,,,United States,,
Surjalal Sharma,,,,TRUE,,,,,,,,,,United States,,
Dennis Vanengelsdorp,,,,TRUE,,,,,,,,,,United States,,
Seth Morris,,,,TRUE,,,,,,,,,,United States,,
Tijana Dukic,,,No,TRUE,,,,,,,,,,United States,,
John Short,,,,TRUE,,,,,,,,,,United States,,
Enrique Nelson Escobar,,,,TRUE,,,,,,,,,,United States,,
Zhi Zhang,,,,TRUE,,,,,,,,,,United States,,
Gustavo Vecino,,,No,FALSE,0,2004,,,,,10360 Swift Stream Pl,Columbia,Maryland,United States,,
Rishi Roy,,,No,TRUE,,,,,,,,,,United States,,
Jawad Iqbal,,,No,TRUE,,,,,,,,,,United States,,
Rezoom,,,No,TRUE,,,,,,,,,,United States,,
MediaVax Inc,,,Yes,TRUE,5,2020,Maryland,United States,https://mediavax.ai,,3803 Bradley Lane,Chevy Chase,Maryland,United States,,
Farah Dawood,,,,TRUE,,,,,,,,,,United States,,
"Campostella Research and Consulting, LLC",,,Yes,TRUE,1,2020,,,https://campostellaresearch.com,,134 Ike Dr,Alexandria,Virginia,United States,,
Michelle Bailey,,,No,TRUE,1,2014,,,,,912 Caddington Ave,Silver Spring,Maryland,United States,,
PixelRain,,,No,TRUE,,,,,https://www.pixelrain.com,,,,,United States,,
Eric Wallace,,,No,TRUE,,,,,,,,,,United States,,
Prannoy Namala,,,No,TRUE,,,,,,,,,,United States,,
Vaskar Raychoudhury,,,No,TRUE,,,,,,,,,,United States,,
Camilo Mora-Navarro,,,No,TRUE,,,,,,,,,,United States,,
"Repurpose Farm Plastic, Inc.",,,No,TRUE,1,2021,,,https://www.repurposefarmplastic.com,,8819 Patricia Ct,College Park,Maryland,United States,,
Gregory Okhuereigbe,,,No,TRUE,,,,,,,,,,United States,,
IRINA MURESANU,,,No,TRUE,,,,,,,,,,United States,,
Vaibhav Khalas,,,No,TRUE,,,,,,,,,,United States,,
Kedena Thompson,,,No,TRUE,,,,,,,,,,United States,,
"Smart HLPR, LLC",,,Yes,TRUE,1,2018,,,https://smarthlpr.weebly.com/,,5319 Kingsbrook Dr,Frederick,Maryland,United States,,
Yanir Rubinstein,,,No,TRUE,,,,,,,,,,United States,,
Tamecia Jones,,,No,TRUE,,,,,,,,,,United States,,
Rita Martinez Solon,,,No,TRUE,,,,,,,,,,United States,,
Rachaveti Dhanush,,,No,FALSE,,,,,,,,,,United States,,
Maria Luz Barreto Bermudez,,,No,TRUE,,,,,,,,,,United States,,
Move And Still LLC,,,Yes,TRUE,1,2022,,,https://movexstill.com/,,4709 Harford Rd,Baltimore,Maryland,United States,,
Plasticity,,,No,TRUE,,,,,,,,,,United States,,
Emerging Moda,,,Yes,TRUE,,,,,,,,,,United States,,
Marie Bottoms,,,No,TRUE,,,,,,,,,,United States,,
Eric Yvon,,,No,TRUE,,,,,,,,,,United States,,
Pulak Bhushan,,,No,TRUE,,,,,,,,,,United States,,
Kevin Daniels,,,No,TRUE,,,,,,,,,,United States,,
Danyal Malik,,,No,TRUE,,,,,,,,,,United States,,
Postlytics,,,No,FALSE,4,2019,,,https://www.linkedin.com/company/postlytics/,,,College Station,Texas,United States,,
Chris Fesmire,,,No,TRUE,,,,,,,,,,United States,,
Genetoo Inc.,,,Yes,TRUE,4,2017,,,https://www.genetoo.com,,9841 Washingtonian Blvd,Gaithersburg,Maryland,United States,,
John Townshend,,,No,TRUE,,,,,,,,,,United States,,
Nehemiah Emaikwu,,,No,TRUE,,,,,,,,,,United States,,
Jiayu Wan,,,No,TRUE,,,,,,,,,,United States,,
OncoRedox Ltd.,,,No,TRUE,3,2022,,,,,,,,United States,,
SPIS Lab,,,No,TRUE,,,,,,,,,,United States,,
Mark Franz,,,No,TRUE,,,,,,,,,,United States,,
Peter Megson,,,No,TRUE,,,,,,,,,,United States,,
Lytly,,,No,TRUE,,,,,,,,,,United States,,
metaBUS,,,No,TRUE,,2013,,,http://metabus.org,,,,,United States,,
Wynne-PEGLLC,,,No,TRUE,,,,,,,,,,United States,,
Bedside blood test,,,No,TRUE,,,,,,,,,,United States,,
MetabAxis,,,No,TRUE,1,,,,https://app.scientist.com/providers/metabaxis-laboratories,,601 Biotech Dr,North Chesterfield,Virginia,United States,,
START POICN,,,No,TRUE,,,,,,,,,,United States,,
Mini Signal,,,No,TRUE,,,,,,,,,,United States,,
James Parker,,,No,TRUE,,,,,,,,,,United States,,
Sensibility Care,,,No,TRUE,,,,,,,,,,United States,,
Keep Breathing Airway,,,No,TRUE,,,,,,,,,,United States,,
Liang Qiao,,,No,TRUE,,,,,,,,,,United States,,
Maryland Global Initiative for Cybersecurity,,,No,TRUE,,,,,,,,,,United States,,
Marc Cohen,,,No,TRUE,,,,,,,,,,United States,,
Volker Briken,,,No,TRUE,,,,,,,,,,United States,,
Kenyon Crowley,,,No,TRUE,,,,,,,,,,United States,,
Practical Body Network,,,No,TRUE,,,,,,,,,,United States,,
Mangino,,,No,TRUE,,,,,,,,,,United States,,
FileMap,,,No,TRUE,,2016,,,https://filemap.com,,,,,United States,,
ThinTherm,,,No,TRUE,4,2015,,,,,1120 Elliott Ave,Charlottesville,Virginia,United States,,
Flow Power,,,No,TRUE,,,,,,,,,,United States,,
The Smarthome Team,,,No,TRUE,,,,,,,,,,United States,,
Wihicle,,,No,TRUE,,,,,,,,,,United States,,
PhageFlag,,,No,TRUE,,,,,,,,,,United States,,
Dahlgren,,,No,TRUE,,,,,,,,,,United States,,
Nicole Laronde,,,No,TRUE,,,,,,,,,,United States,,
Madison Connect HUB,,,No,TRUE,,,,,,,,,,United States,,
iRTrack,,,No,TRUE,,,,,,,,,,United States,,
Monique Head,,,No,TRUE,,,,,,,,,,United States,,
Color Space,,,No,TRUE,25,,,,,,8435 Helgerman Ct,Gaithersburg,Maryland,United States,,
Meghna Thakur,,,No,TRUE,,,,,,,,,,United States,,
Gary Rubloff,,,No,TRUE,,,,,,,,,,United States,,
Philip Resnick,,,No,TRUE,,,,,,,,,,United States,,
Raja Srinivasan,,,No,TRUE,,,,,,,,,,United States,,
PayAnalytics,,,No,TRUE,21,2017,,,https://www.payanalytics.com,,,,,United States,,
PHAB Lab,,,No,TRUE,,,,,,,,,,United States,,
Christine Hartzell,,,No,TRUE,,,,,,,,,,United States,,
Aquaponics,,,No,TRUE,,,,,,,,,,United States,,
Zhongchi Liu,,,No,TRUE,,,,,,,,,,United States,,
Pain Assessment Device,,,No,TRUE,,,,,,,,,,United States,,
Nate Carriere,,,No,TRUE,,,,,,,,,,United States,,
Security Smart Phones,,,No,TRUE,,,,,,,,,,United States,,
Proticy Ed Tech,,,No,TRUE,,,,,,,,,,United States,,
"Innovative STEM Solutions, LLC",,,No,TRUE,,,Maryland,United States,,,10451 Mill Run Cir,Owings Mills,Maryland,United States,,
KinaMark,,,No,TRUE,2,2015,,,,,1450 S Rolling Rd Ste 1-0,Halethorpe,Maryland,United States,,
Light Guide Surgical,,,No,TRUE,,,,,,,,,,United States,,
Kidney Transplant Imaging,,,No,TRUE,,,,,,,,,,United States,,
Gold Standard MicroGels,,,No,TRUE,,,,,,,,,,United States,,
Pro-Tex Maternity,,,No,TRUE,,,,,,,,,,United States,,
EDM1,,,No,TRUE,,,,,,,,,,United States,,
RemBac Environmental,,,No,TRUE,2,2017,,,https://www.rembac.com,,3140 Edgewood Rd,Ellicott City,Maryland,United States,,
Brad Gersey,,,No,TRUE,,,,,,,,,,United States,,
Daisy Noel Ndofor,,,No,TRUE,,,,,,,,,,United States,,
Underwater Storage Concept,,,No,TRUE,,,,,,,,,,United States,,
Professional services for Tech,,,No,TRUE,,,,,,,,,,United States,,
Wils McCreight,,,No,TRUE,,,,,,,,,,United States,,
Lensguide Imaging Technology Inc.,,,Yes,TRUE,2,2018,,,,,707 Anderson Ave,Rockville,Maryland,United States,,
Mahir Sudad,,,No,TRUE,,,,,,,,,,United States,,
Glenn Pastel,,,No,TRUE,,,,,,,,,,United States,,
Julie Coe,,,No,TRUE,,,,,,,,,,United States,,
Leigh Abts,,,No,TRUE,,,,,,,,,,United States,,
Technik Soccer LLC,,,No,TRUE,,2019,,,https://techniksoccer.com/,,5018 College Ave,College Park,Maryland,United States,,
Zvi Kelman,,,No,TRUE,,,,,,,,,,United States,,
Daniel Slyepichev,,,No,TRUE,,,,,,,,,,United States,,
Berna Uygur,,,No,TRUE,,,,,,,,,,United States,,
"AmyloidX, LLC",,,Yes,TRUE,3,2020,,,https://amyloidx.com/,,5608 Sugarbush Ln,Rockville,Maryland,United States,,
Moniesha Jackson,,,No,FALSE,,,,,,,,,,United States,,
"Creative Strategies, LLC",,,Yes,TRUE,,,,,,,,,,United States,,
Daniel Chapman,,,No,TRUE,,,,,,,,,,United States,,
"Kenny & Vettori, LLP",,,No,FALSE,2,2020,,,http://www.kennyvettori.com,,12246 Roundwood Rd,Lutherville Timonium,Maryland,United States,,
Star Kim,,,No,TRUE,,,,,,,,,,United States,,
TDAY Sports,,,Yes,TRUE,38,2022,,,https://www.linkedin.com/company/tdaysports/,,,State College,Pennsylvania,United States,,
Bulldog EIC,,,No,TRUE,,,,,,,,,,United States,,
AI for Animation,,,No,TRUE,,,,,,,,,,United States,,
Scribe,,,No,TRUE,,,,,,,,,,United States,,
P3D Energy,,,No,TRUE,,,,,,,,,,United States,,
"OraBiotech, LLC",,,Yes,TRUE,,2021,,,,,24 Oak Drive,Durham,North Carolina,United States,,
Frontground,,,No,TRUE,,,,,https://frontground.org,,,,,United States,,
Increscent,,,No,TRUE,,,,,,,,,,United States,,
CMU MechE,,,No,TRUE,,,,,,,,,,United States,,
Maritimatix,,,Yes,TRUE,2,,,,https://mastencain.com/,,,,,United States,,
Dentronics,,,No,TRUE,,,,,,,,,,United States,,
Tech2Roll (T2R),,,No,TRUE,,,,,,,,,,United States,,
"Physics Inverted Materials, Inc.",,,No,TRUE,2,,,,https://www.phinmaterials.com,,,Pittsburgh,Pennsylvania,United States,,
Foreverly,,,No,TRUE,,,,,,,,,,United States,,
Aquair,,,No,TRUE,,,,,,,,,,United States,,
MEC,,,No,TRUE,,,,,,,,,,United States,,
Digital Mental Health App,,,No,TRUE,,,,,,,,,,United States,,
Syzygy Optics Inc.,,,Yes,TRUE,,2010,,,https://syzygyoptics.com/,,P.O. Box 211,Chapel Hill,North Carolina,United States,,
NetGlo Corporation,,,Yes,TRUE,2,2005,,,http://netglo.com,,12711 Clarksville Pike; #752,Clarksville,Maryland,United States,,
"Resilient Lifescience, Inc.",,,Yes,TRUE,2,2022,,,https://www.resilient.bio/about,,100 S Commons Ste 102,Pittsburgh,Pennsylvania,United States,,
"PFF, LLC",,,Yes,TRUE,1,2016,,,https://processforthefuture.com//,,7811 Hubble Dr,Lanham,Maryland,United States,,
"Assure Technologies, LLC",,,Yes,TRUE,1,2018,,,https://www.assuretechnologiesnc.com,,200 Butternut Dr,Chapel Hill,North Carolina,United States,,
Solar Sequor,,,No,TRUE,,,,,,,,,,United States,,
Nebulae Global Benefit Corporation,,,Yes,TRUE,,,,,,,,,,United States,,
"Predictive, LLC",,,Yes,TRUE,4,2019,,,https://www.predictive-llc.com/,,2806 Treasures Ln,Raleigh,North Carolina,United States,,
EPY (Engineered Probiotic Yeast),,,No,TRUE,,,,,,,,,,United States,,
Lightwork Publishing LLC,,,Yes,TRUE,2,,,,https://lightworkpub.com/,,,,,United States,,
Walktime Books,,,No,TRUE,1,2021,Maryland,United States,,,15902 Atlantis Drive,Bowie,Maryland,United States,,
Wave Welcome,,,Yes,TRUE,10,2020,,,https://wavewelcome.com,,6307 Hickory Bnd,Clinton,Maryland,United States,,
Danaus,,,Yes,TRUE,3,,,,https://www.linkedin.com/company/danaus/,,7322 Edmonston Road,College Park,Maryland,United States,,
Nervosys,,,Yes,TRUE,1,2022,,,https://nervosys.ai,,,College Park,Maryland,United States,,
HealthCareAdvocateIQ,,,No,TRUE,,,,,,,,,,United States,,
Relational Innovations,,,No,TRUE,,,,,,,,,,United States,,
Cene Beauty LLC,,,Yes,TRUE,1,2020,,,https://www.cenebeauty.com,,10520 Baltimore Ave,Beltsville,Maryland,United States,,
JCB,,,No,TRUE,,,,,,,,,,United States,,
VETTA Solutions Inc,,,Yes,TRUE,,,,,https://www.vettasolutions.com/,,,,,United States,,
Monifa Vaughn-Cooke,,,No,TRUE,,,,,,,,,,United States,,
"Second Star Robotics, LLC",,,Yes,TRUE,2,2019,,,https://www.secondstarrobotics.com/,,2333 Distribution Cir,Silver Spring,Maryland,United States,,
Strategic Soft Skills Institute,,,Yes,TRUE,8,,,,https://strategicsoftskillsinstitute.com/,,339 Nashua St,Milford,New Hampshire,United States,,
"Freshmeet U., INC",,,Yes,TRUE,5,2016,,,https://www.freshmeetu.com/,,20 Goldsborough Way,Reisterstown,Maryland,United States,,
InZone Inc.,,,Yes,TRUE,,,,,,,,,,United States,,
"UnitedCompass, LLC",,,Yes,TRUE,,,,,,,,,,United States,,
Dust Mitigation Technologies,,,No,TRUE,,,,,,,,,,United States,,
"MCON LC, LLC DBA Hailbytes",,,Yes,TRUE,,,,,,,,,,United States,,
Dmasters,,,No,TRUE,,,,,,,,,,United States,,
"Dockshare, Inc",,,Yes,TRUE,6,2020,,,https://dockshare.app,,,Towson,Maryland,United States,,
United America Corporation,,,Yes,TRUE,,,,,,,,,,United States,,
"Artistanda, LLC",,,Yes,TRUE,,,,,,,,,,United States,,
"Cynthia Rumph, LLC",,,Yes,TRUE,1,,,,https://thefunctionalityexpert.podia.com/,,10999 Red Run Blvd,Owings Mills,Maryland,United States,,
"Unicm, Inc.",,,Yes,TRUE,2,2019,,,,,1031 Hanford Rd,Graham,North Carolina,United States,,
Worlds of Hello,,,No,TRUE,,,,,,,,,,United States,,
Tiffany,,,No,TRUE,,,,,,,,,,United States,,
Fitrepp,,,Yes,TRUE,,,,,,,,,,United States,,
getGFTD,,,Yes,TRUE,1,2018,,,https://www.getgftdapp.com/,,7101 Rich Hill Road,Baltimore,Maryland,United States,,
UNC Vascular Securement,,,No,TRUE,,,,,,,,,,United States,,
Luella,,,No,TRUE,,,,,,,,,,United States,,
Smith Takes,,,No,TRUE,,,,,,,,,,United States,,
Entrepreneurship,,,,TRUE,,,,,,,,,,United States,,
Streets Treatz,,,Yes,TRUE,,,,,,,,,,United States,,
The Girlâ€™s Haven,,,No,TRUE,,,,,,,,,,United States,,
Onewayllc,,,Yes,TRUE,,2023,,,,,,,,United States,,
ICmed LLC,,,Yes,TRUE,9,2014,Maryland,United States,https://icmedonline.com/,,104 Cherry Valley Rd,Reisterstown,Maryland,United States,,
KeyGen Data LLC,,,Yes,TRUE,,,,,https://www.keygendata.com/#whatwedo,,10015 Old Columbia Rd #B215,Columbia,Maryland,United States,,
DataRxiv,,,No,TRUE,,,,,,,,,,United States,,
Milligram-Scale Flame Calorimeter,,,No,TRUE,,,,,,,,,,United States,,
Liatris Inc.,,,Yes,TRUE,9,2019,Maryland,United States,https://www.liatris.biz/,,4825 Cordell Ave Ste 208,Bethesda,Maryland,United States,,
MSAL Capsule,,,No,TRUE,,,,,,,,,,United States,,
Fire Spies,,,No,TRUE,,,,,,,,,,United States,,
Vernix Health,,,No,TRUE,,,,,,,,,,United States,,
MFC,,,No,TRUE,,,,,,,,,,United States,,
Symbiont Solutions LLC,,,Yes,TRUE,,,,,https://www.symbiontsolutions.com/,,,,,United States,,
TeleCenter,,,Yes,TRUE,,,,,,,,,,United States,,
Temporary name: NCE No contact encounter,,,No,TRUE,,,,,,,,,,United States,,
Awarables Inc.,,,Yes,TRUE,4,2016,,,https://awarables.weebly.com/who-we-are.html,,300 W Pratt St Ste 200,Baltimore,Maryland,United States,,
CoapTech,,,Yes,TRUE,16,2016,,,https://www.coaptech.com,,101 W Dickman St,Baltimore,Maryland,United States,,
CykloBurn Technologies LLC,,,Yes,TRUE,2,2017,,,,,1200 Shore Rd,Baltimore,Maryland,United States,,
"Esurgi, Inc.",,,Yes,TRUE,1,,,,,,109 Belfast Road,Timonium,Maryland,United States,,
HopFlyt,,,No,TRUE,6,,,,,,12003 Double Tree Lane,Lusby,Maryland,United States,,
"Tutela Industies, LLC",,,Yes,FALSE,1,2009,,,https://www.itutela.com,2017,12061 Broad Meadow Lane,Clarksville,Maryland,United States,,
JuneBrain Inc.,,,Yes,TRUE,10,2017,Maryland,United States,https://www.junebrain.com/,,875 Hollins St,Baltimore,Maryland,United States,,
Luvozo PBC,,,Yes,TRUE,4,,,,https://luvozo.com/,,4467 Technology Drive,College Park,Maryland,United States,,
"miRecule, Inc.",,,Yes,TRUE,6,2016,Maryland,United States,https://mirecule.com,,704 Quince Orchard Road,Gaithersburg,Maryland,United States,,
Opal HTM,,,Yes,TRUE,1,2017,,,https://www.opalhtm.tech,,3827 Fawn Ln,White Plains,Maryland,United States,,
RedShred,,,Yes,TRUE,2,2014,,,https://redshred.com/contact/,,5520 Res Pk Dr Ste 100,Baltimore,Maryland,United States,,
Rehabtics LLC,,,Yes,FALSE,1,2012,,,,2015,,Baltimore,Maryland,United States,,
"Sonavex, Inc.",,,Yes,TRUE,21,2013,Maryland,United States,https://www.sonavex.com,,2835 Odonnell St,Baltimore,Maryland,United States,,
"The Low Impact Development Design Group, Inc.",,,Yes,TRUE,1,,,,,,9510 Midwood Road,Silver Spring,Maryland,United States,,
KOA insole,,,No,TRUE,,,,,,,,,,United States,,
Ciao Bella Hubs,,,Yes,TRUE,,,,,https://www.ciaobellahubs.com/,,,,,United States,,
Laminomics,,,Yes,TRUE,,,,,,,,,,United States,,
DataWisdom LLC dba Enerytics,,,Yes,TRUE,3,2023,Maryland,United States,https://enerytics.com/,,10817 Hob Nail Ct,Potomac,Maryland,United States,,
Drecon,,,No,TRUE,,,,,,,,,,United States,,
Vaultuno Corp.,,,No,TRUE,2,2023,,,vaultuno.com,,,Boston,Massachusetts,United States,,
Latent Robotics,,,Yes,TRUE,3,2021,,,https://www.latentrobotics.com/,,102 Meadow Heights Dr,Pittsburgh,Pennsylvania,United States,,
SSSS,,,No,TRUE,,,,,,,,,,United States,,
Tasbee LLC,,,Yes,TRUE,,2022,,,,,4030 Wake Forest Road  Ste 349,Raleigh,North Carolina,United States,,
BioSkillTech,,,No,TRUE,,,,,,,,,,United States,,
Real-Time Crop Inventory Management,,,No,TRUE,,,,,,,,,,United States,,
Environmental Sensing Solutions,,,Yes,TRUE,,,,,,,,,,United States,,
+1Connector,,,No,TRUE,,,,,,,,,,United States,,
Rare Earth Element Accumulation Plant System,,,No,TRUE,,,,,,,,,,United States,,
Nicelle Technologies LLC,,,Yes,TRUE,3,2021,,,https://nicelletech.com/,,,Raleigh,North Carolina,United States,,
Inclusive EEG,,,No,TRUE,,,,,,,,,,United States,,
NEXTrusion Foods,,,No,TRUE,,,,,,,,,,United States,,
Superior Natural Hair Dryer,,,No,TRUE,,,,,,,,,,United States,,
HerSecure,,,Yes,TRUE,1,2021,,,https://www.hersecurehealth.com,,9600 Nw 18Th St,Plantation,Florida,United States,,
Imagining Reality Insights & Solutions Inc.,,,Yes,TRUE,1,,,,https://iris-xre.com,,300 W Pratt St Ste 200,Baltimore,Maryland,United States,,
PeerAspect LLC (dBA Stacks Data),,,Yes,TRUE,2,2016,,,https://welcome.stacksdata.com/,,101 N Haven St,Baltimore,Maryland,United States,,
"AGAPE Strategic Solutions of Maryland, LLC",,,Yes,TRUE,,2022,,,https://agapessom.com,,3102 Tribune Court,Hyattsville,Maryland,United States,,
Alperian,,,Yes,TRUE,3,2021,,,https://www.linkedin.com/company/alperian/about/,,5301 Middleburg Rd,Union Bridge,Maryland,United States,,
Swiftink,,,Yes,TRUE,2,2023,,,Swiftink.io,,,Washington,District of Columbia,United States,,
Darshan Pharmachem,,,No,TRUE,,,,,,,,,,United States,,
QOPTO Technologies Private Limited,,,Yes,TRUE,,,,,https://www.qoptotechnologies.in,,,,,United States,,
EZ EEG,,,No,TRUE,,,,,,,,,,United States,,
"Cursive Technology, Inc.",,,Yes,TRUE,5,2022,,,www.cursivetechnology.com,,2600 East Baltimore Street,Baltimore,Maryland,United States,,
Future State Health Information Management Systems,,,Yes,TRUE,,2021,,,,,214 Ellington Boulevard,Gaithersburg,Maryland,United States,,
"HOHCells, LLC",,,Yes,TRUE,,,,,,,,,,United States,,
Pelican Fly LLC     dba     FullBlastSTEAM,,,Yes,TRUE,2,2019,,,https://www.fullblaststeam.com/,,314 E 22Nd St,Baltimore,Maryland,United States,,
Kgenetix farm llc,,,Yes,TRUE,1,2023,,,https://www.kgenetixfarm.com,,2315 Ashburton St,Baltimore,Maryland,United States,,
RADECO LLC,,,Yes,TRUE,2,2016,,,,,6115 Annie Dr,Sykesville,Maryland,United States,,
X-Informatics LLC,,,No,TRUE,2,2023,,,https://www.linkedin.com/company/x-informatics-llc/,,1100 Grace Hill Dr,Virginia Beach,Virginia,United States,,
"CA Enterprise, LLC",,,Yes,TRUE,,2021,,,https://www.caenterprise.org/,,173 Saint Patrick Road,Baltimore,Maryland,United States,,
ShuntFM,,,No,TRUE,,,,,,,,,,United States,,
Cropt Adapt,,,No,TRUE,,,,,,,,,,United States,,
Press,,,No,TRUE,,2023,,,,,16316 Eddinger Road,Bowie,Maryland,United States,,
Redhelm Labs,,,Yes,TRUE,2,2023,,,https://www.redhelmlabs.com/about,,8125 48th Avenue,College Park,Maryland,United States,,
MyEst,,,No,TRUE,,,,,,,,,,United States,,
Sociable AI,,,No,TRUE,7,,,,https://www.sociable.how,,,,,United States,,
"NovoLINC, Inc.",,,Yes,TRUE,3,2022,,,https://www.novolinkinc.com/,,4620 Henry St,Pittsburgh,Pennsylvania,United States,,
SPaDe,,,No,TRUE,,,,,,,,,,United States,,
KenectEd,,,No,TRUE,,,,,,,,,,United States,,
Floraponics,,,Yes,TRUE,3,,,,,,17240 Edwards Ferry Rd.,Poolesville,Maryland,United States,,
Magnify Biosciences Inc.,,,No,TRUE,,2023,,,,,,Pittsburgh,Pennsylvania,United States,,
Open Access for Science and Instrumentation (OASIS),,,No,TRUE,,,,,,,,,,United States,,
Kaalmi,,,No,TRUE,,,,,,,,,,United States,,
"Generation Four Bicycles System Engineering, LLC",,,Yes,TRUE,,2022,,,https://g4bikes.com/,,2507 Palmer View Drive,Bel Air,Maryland,United States,,
Coordle,,,Yes,TRUE,,2022,,United States,https://coordleapp.com/,,8 The Grn,Dover,Delaware,United States,,
Savvy Travelers,,,No,TRUE,,,,,,,,,Maryland,United States,,
Chunsheng Wang,,,No,TRUE,,,,,,,,,,United States,,
LAMP BIO,,,No,TRUE,,,,,,,,San Jose,California,United States,,
Jessbe Creative,,,Yes,TRUE,1,2016,,,https://www.jessbecreative.com/,,819 Sheridan St,Hyattsville,Maryland,United States,,
Naz International Hair and Beauty Llc,,,Yes,TRUE,1,2019,,,,,1200 Steuart St Unit 520,Baltimore,Maryland,United States,,
Humimic Biosystems LLC,,,,TRUE,2,2023,,,,,14 E MLK JR BLVD,FAYETTEVILLE,Arkansas,United States,,
Precision Wellness,,,Yes,TRUE,2,2021,,,https://precisionwellnessctr.com/,,700 Pennsylvania Avenue Southeast,Washington,District of Columbia,United States,,
Khanjur R&D,,,Yes,TRUE,8,2022,,,https://khanjur.com/,,10142 Avenel Gardens Lane,Silver Spring,Maryland,United States,,
Paterson Aerospace Systems Corp.,,,Yes,TRUE,4,2019,,,https://patersonaerospace.com/,,,Wilmington,Delaware,United States,,
SafeRails,,,No,TRUE,,,,,,,,,,United States,,
Jammin' Together,,,Yes,TRUE,,,,,,,,,,United States,,
TSP Solutions LLC,,,No,TRUE,,,,,,,,,,United States,,
"Uneo Inc (""Uneo Health"")",,,Yes,TRUE,,,,,,,,,,United States,,
InceptEV,,,Yes,TRUE,2,2022,,,www.inceptev.com,,PO Box 81752,Pittsburgh,Pennsylvania,United States,,
MythoLogix,,,No,TRUE,,,,,,,,,,United States,,
AI EcoComposites,,,No,TRUE,,,,,,,,,,United States,,
Skylis,,,No,TRUE,,,,,https://www.skylistech.com/,,,,,United States,,
Tap verification,,,No,TRUE,,,,,,,,,,United States,,
Shell Yeah,,,No,TRUE,3,2023,,,https://www.linkedin.com/company/shell-yeah/,,2843 Cub Hill Road,Baltimore,Maryland,United States,,
Journiy,,,Yes,TRUE,4,2022,,,https://www.journiywellness.com/,,19284 Circle Gate Drive 304,Germantown,Maryland,United States,,
Lawrencecorp,,,No,TRUE,,,,,,,3406 Woodbine Avenue 2flr. Apt.,Baltimore,Maryland,United States,,
The Barter Link,,,No,TRUE,,,,,,,,,,United States,,
"The Extraordinary Library Adventure, LLC (dba The Extraordinary Library AdventureÂ®)",,,Yes,TRUE,3,2019,,,https://filmfreeway.com/TheExtraordinaryLibraryAdventure,,3723 Eightpenny Lane,Bowie,Maryland,United States,,
"Kandih Group, LLC",,,Yes,TRUE,2,2013,,,,,2 Countryside Ct,Silver Spring,Maryland,United States,,
ESport IQ,,,No,TRUE,,,,,,,,,,United States,,
"Tony's Kitchen & Bakery, LLC",,,No,TRUE,2,2023,,,,,1502 Dunwoody Ave,Oxon Hill,Maryland,United States,,
Go NAPSACC,,,Yes,TRUE,11,,,,https://gonapsacc.org,,,,,United States,,
AI DOC,,,No,TRUE,,,,,,,,,,United States,,
Balance,,,No,TRUE,4,2024,,,,,,,,United States,,
"BeneKinetic, Inc.",,,Yes,TRUE,3,2018,,,https://www.benekinetic.com/,,1451 Rockville Pike,Rockville,Maryland,United States,,
Neopathology Corp.,,,Yes,TRUE,1,2023,,,https://www.neopathology.bio,,4539 Metropolitan Court,Fredrick,Maryland,United States,,
Spray,,,No,TRUE,,,,,,,,,,United States,,
Phage-Tec,,,No,TRUE,,,,,,,,,,United States,,
Aquatonomy Inc,,,Yes,TRUE,3,2021,,,https://www.aquatonomy.com,,307 Timber Ct,Pittsburgh,Pennsylvania,United States,,
Kids Wellness Games,,,No,TRUE,,,,,,,,,,United States,,
Global Development & Design,,,No,TRUE,,,,,,,,,,United States,,
"SoHive, LLC",,,Yes,TRUE,1,2021,,,https://www.sohive.com,,2545 Ashbrook Drive,Ellicott City,Maryland,United States,,
Ligase,,,No,TRUE,,,,,,,,,,United States,,
MusicDiscovery,,,No,TRUE,,,,,,,,,,United States,,
Language Threads,,,No,TRUE,,2023,,,,,,,,United States,,
"Carecompanion, Inc.",,,Yes,TRUE,,2023,,,https://ourcarecompanion.com,,33 Prairie Landing Ct,Washington,District of Columbia,United States,,
"B.Yond Labels, LC",,,Yes,TRUE,,,,,,,"5000 Thayer Center, Suite C",Oakland,Maryland,United States,,
QuantumLeaf,,,No,TRUE,,,,,,,,,,United States,,
The Impact Project,,,No,TRUE,15,1991,,,,,407 Chestnut St,Emmaus,Pennsylvania,United States,,
"Lectra Technologies, LLC",,,Yes,TRUE,11,2020,,,https://lectratape.com/,,,King of Prussia,Pennsylvania,United States,,
Sonura LLC,,,Yes,TRUE,,2023,,,https://pci.upenn.edu/icorps_team/sonura/,,,New Castle,Delaware,United States,,
SurgiSight,,,No,TRUE,,,,,,,,,,United States,,
Orble,,,No,TRUE,,,,,,,,,,United States,,
MotoSim,,,No,TRUE,,,,,,,,,,United States,,
Green Revival,,,Yes,TRUE,0,2024,,,https://noplantbehind.wixsite.com/biocompany,,8809 Watts Mine Terrace,Potomac,Maryland,United States,,
StormWork Tool,,,No,TRUE,,,,,,,,,,United States,,
Techcos (Techengine LLC),,,Yes,TRUE,,,,,https://www.techcos.com,,,,,United States,,
DRIPP gel,,,No,TRUE,,,,,,,,,,United States,,
LINKSciences,,,Yes,TRUE,2,2015,,,http://www.linksciences.com/home.do,,36 Rhodes Pl,Lutherville,Maryland,United States,,
Centralised Secondary Market Exchange,,,No,TRUE,,,,,,,,,,United States,,
ZioTeche,,,Yes,TRUE,,,,,,,,,,United States,,
Libertriangles,,,No,TRUE,,,,,,,,,,United States,,
Capital eXperience Group,,,Yes,TRUE,,,,,https://www.capitalexperiencegroup.com,,,,,United States,,
Brillouin Microscopy,,,No,TRUE,,,,,,,,,,United States,,
Glowing Tools Project,,,No,TRUE,,,,,,,,,,United States,,
"Creative Genius Works, LLC",,,Yes,TRUE,,2019,,,http://creativegeniusworks.com/,,410 East 22nd Street,Baltimore,Maryland,United States,,
American Agrovoltaics LLC,,,Yes,TRUE,,,,,,,12900 Kendale Lane,Bowie,Maryland,United States,,
Mabely Q Inc,,,Yes,TRUE,1,2018,,,https://www.mabelyq.com/,,,Silver Spring,Maryland,United States,,
Digii Digital LLC,,,Yes,TRUE,,,,,,,,,,United States,,
The Light Providers,,,No,TRUE,,,,,https://thelightproviders.com/,,,,,United States,,
Rubric AI,,,No,TRUE,,,,,,,,,,United States,,
AIWatch,,,No,TRUE,,,,,,,,,,United States,,
Tomorrow N Training,,,Yes,TRUE,,,,,,,,,,United States,,
Brayearst Validation Consulting,,,Yes,TRUE,1,,,,https://www.brayearst.com/,,,Pikesville,Maryland,United States,,
Elements of Nature - Organic Homestead Urban Farm,,,No,TRUE,,,,,https://www.elementsofnatureusa.com,,,,,United States,,
terraPulse,,,Yes,TRUE,4,2014,Maryland,United States,https://www.terrapulse.com,,13201 Squires Ct,North Potomac,Maryland,United States,,
"Voicipe, Inc.",,,Yes,TRUE,1,2017,Delaware,United States,https://voicipe.com,,,Wilmington,Delaware,United States,,
"Rambob Training Services, LLC",,,Yes,TRUE,1,2019,,,https://www.rambobtraining.com,,1558 Penzance Way,Hanover,Maryland,United States,,
Shuvra Bhattacharyya,,,No,FALSE,,,,,,,,,,United States,,
"Studio 60 Technologies, LLC",,,Yes,TRUE,,,,,,,1501 Dogwood Road,Saint Leonard,Maryland,United States,,
BoKoncept,,,No,TRUE,,,,,,,,,,United States,,
EcDOC,,,No,TRUE,,,,,,,,,,United States,,
"Shoodu (pronounced ""Should You"")",,,No,TRUE,,,,,,,,,,United States,,
Project First Responder Drone (Customer Delivery),,,No,TRUE,,,,,,,,,,United States,,
Flying Satellite,,,No,TRUE,,,,,,,,,,United States,,
HealthLink360,,,Yes,TRUE,,,,,,,1725 W Lombard St.,Baltimore,Maryland,United States,,
"Jay's Watermelonade, LLC",,,Yes,TRUE,,,,,,,,,,United States,,
SeaPal,,,No,TRUE,,,,,,,,,,United States,,
Center for Nanotechnology,,,No,TRUE,,,,,,,,,,United States,,
Recovery Connections,,,No,TRUE,,,,,,,,,,United States,,
uacademy - www.uacademy.us,,,No,TRUE,,,,,,,,,,United States,,
SynEvo,,,No,TRUE,,,,,,,,,,United States,,
AscenPower Inc,,,Yes,TRUE,,,,,,,,,,United States,,
OPENseq,,,No,TRUE,,,,,,,,,,United States,,
Signum Technologies INC,,,Yes,TRUE,,,,,,,,,,United States,,
Green Data Center Solution,,,No,TRUE,,,,,,,,,,United States,,
"MF Fire, Inc.",,,Yes,TRUE,6,2014,Maryland,United States,https://mffire.com,,3031 Washington Blvd,Baltimore,Maryland,United States,,
The Black Belt Chronicles,,,No,TRUE,,,,,,,,,,United States,,
Technovators,,,No,TRUE,,,,,,,,,,United States,,
Conjectura LLC,,,Yes,TRUE,,,,,,,,,,United States,,
PlantVillage+,,,No,TRUE,,,,,,,,,,United States,,
Healthier Forms Inc.,,,Yes,TRUE,,,,,,,,,,United States,,
Team Breath Coach,,,No,TRUE,,,,,,,,,,United States,,
"SwiftDock, LLC",,,Yes,TRUE,,,,,,,,,,United States,,
The Aliens,,,No,TRUE,,,,,,,,,,United States,,
Penn State AI4MR,,,No,TRUE,,,,,,,,,,United States,,
X-CDi,,,Yes,TRUE,,,,,,,,,,United States,,
TSESSEBE Technologies,,,Yes,TRUE,,,,,,,,,,United States,,
NewCopper LLC,,,Yes,TRUE,,,,,,,,,,United States,,
DiverseHireHub,,,No,TRUE,,,,,,,,,,United States,,
CircStapler,,,No,TRUE,,,,,,,,,,United States,,
"Effective Insights, LLC.",,,No,TRUE,,,,,,,,,,United States,,
AM Sensing Technologies,,,No,TRUE,,,,,,,,,,United States,,
BioVert,,,No,TRUE,,,,,,,,,,United States,,
Kestrel,,,No,TRUE,,,,,,,,,,United States,,
Healthylife,,,No,TRUE,,,,,,,,,,United States,,
"Prime Three, LLC",,,Yes,TRUE,,,,,,,,,,United States,,
Raven Biomaterials LLC,,,Yes,TRUE,,,,,,,,,,United States,,
Academic Startup,,,No,TRUE,,,,,,,,,,United States,,
"ScienceCast, Inc.",,,Yes,TRUE,,,,,,,16 Willow Avenue,Towson,Maryland,United States,,
Tecortex,,,No,TRUE,,,,,,,,,,United States,,
NAVIGAID,,,No,TRUE,,,,,,,,,,United States,,
LightSiNC NanoTech LLC,,,No,TRUE,1,,,,https://sites.google.com/lightsinc.org/home,,17109 Chiswell Rd,Poolesville,Maryland,United States,,
Gambix,,,Yes,TRUE,,,,,,,"5000 Thayer Center
C",Oakland,Maryland,United States,,
NPep Theranostics,,,No,TRUE,,,,,,,,,,United States,,
Reminiscing,,,No,TRUE,,,,,,,,,,United States,,
Laminated Antimicrobial Film (LAF),,,No,TRUE,,,,,,,,,,United States,,
Tetra Fields LLC,,,Yes,TRUE,,,,,,,,,,United States,,
Chemicals,,,No,TRUE,,,,,,,,,,United States,,
Blue Rose Consulting Group,,,Yes,TRUE,,,,,,,,,,United States,,
HAX the Web,,,No,TRUE,,,,,,,,,,United States,,
test,,,No,TRUE,,,,,,,,,,United States,,
Vizulingo,,,Yes,TRUE,,,,,,,,,,United States,,
Ariciano LLC,,,Yes,TRUE,,,,,,,,,,United States,,
ChainDEX,,,No,TRUE,,,,,,,,,,United States,,
AirportRescue,,,No,TRUE,,,,,,,,,,United States,,
"L&D Enterprises, LLC",,,Yes,TRUE,,,,,,,,,,United States,,
"Advanced Optronics, Inc",,,Yes,TRUE,3,2021,,,https://advancedoptronics.com,,4765 FORBES AVE STE 3,PITTSBURGH,Pennsylvania,United States,,
Bee and Buttafly LLC,,,Yes,TRUE,,,,,,,,,,United States,,
"Barklei, Inc",,,Yes,TRUE,,,,,,,,,,United States,,
NA,,,No,TRUE,,,,,,,,,,United States,,
The Equity Brain Trust,,,Yes,TRUE,,,,,,,,,,United States,,
Poltech,,,No,TRUE,,,,,,,,,,United States,,
HoloMentor,,,No,TRUE,,,,,,,,,,United States,,
Pi-to-Pi,,,No,TRUE,,,,,,,,,,United States,,
No Code Stack,,,No,TRUE,,,,,,,,,,United States,,
ItinAFairy LLC,,,Yes,TRUE,,,,,,,,,,United States,,
CyPhy,,,No,TRUE,,,,,,,,,,United States,,
Glorious Express Shipping,,,No,TRUE,,,,,,,,,,United States,,
"Sommos, Inc.",,,No,TRUE,,,,,,,,,,United States,,
Uniquely in place (UIP),,,Yes,TRUE,,,,,,,,,,United States,,
TheMe,,,No,TRUE,,,,,,,,,,United States,,
Thaumachron,,,Yes,TRUE,,,,,,,,,,United States,,
Trustworthy AV,,,No,TRUE,,,,,,,,,,United States,,
Osteoarthritis Action Alliance,,,No,TRUE,,,,,,,,,,United States,,
Viralscreen,,,No,TRUE,,,,,,,,,,United States,,
"BrÄv Education, Inc.",,,No,TRUE,,,,,,,,,,United States,,
Gregg Duncan,,,No,TRUE,,,,,,,,,,United States,,
Nanost Inc,,,Yes,TRUE,,,,,,,,,,United States,,
Vivek Manepalli,,,,TRUE,,,,,,,,,,United States,,
Ionic Devices,,,Yes,TRUE,,,,,https://www.ionic-devices.com,,"3147 Tulane Dr. Apt 2
Hyattsville MD 20783",Hyattsville,Maryland,United States,,
Pneuma,,,,TRUE,,,,,,,,,,United States,,
Flexi Charge,,,,TRUE,,,,,,,,,,United States,,
"RIDO, LLC",,,Yes,TRUE,,,,,,,,,,United States,,
BioBarrier,,,No,TRUE,,,,,,,,,,United States,,
OtherWordly LLC,,,,TRUE,,,,,https://www.otherwordly.com/,,,,,United States,,
Adam Kronk,,,No,FALSE,,,Maryland,United States,,,,,,United States,,
Carnegie Mellon University,,,No,TRUE,3,2022,Pennsylvania,United States,https://and.aero,,196 Castro St,Mountain View,California,United States,,
AG Pathway,,,No,TRUE,,,Pennsylvania,United States,,,,,,United States,,
Nano-campers,,,No,TRUE,,,,United States,,,,,,United States,,
MOSTCOOL,,,No,TRUE,,,Maryland,United States,,,,,,United States,,
SiteScan,,,No,TRUE,,,,United States,,,,,,United States,,
Mudara Initiative,,,No,TRUE,,,Maryland,United States,,,,,,United States,,
Intelligent Bacteria ForeCast Innovation,,,No,TRUE,,,,United States,,,,,,United States,,
Dual-Functional Yeast,,,No,TRUE,,,,United States,,,,,,United States,,
Red Ace Bio LLC,,,Yes,TRUE,2,2023,Pennsylvania,United States,www.redacebio.com,,,,,United States,,
"BEIT, Inc.",,,Yes,TRUE,17,2017,Delaware,United States,https://beit.tech/,,,,,United States,,
Food Waste,,,No,TRUE,,,,United States,,,,,,United States,,
1eq Inc.,,,Yes,TRUE,5,2013,,,https://babyscripts.com,,1201 Conn Ave Nw,Washington,District of Columbia,United States,,
"2KNEKT, LLC.",,,Yes,FALSE,,,,,,,,,,United States,,
Accelevir Diagnostics,,,Yes,TRUE,4,2015,,,https://www.accelevirdx.com,,701 E Pratt St,Baltimore,Maryland,United States,,
Advanced Aircraft Company,,,Yes,TRUE,2,2017,,,http://www.advancedaircraftcompany.com/,,1100 Exploration Way,Hampton,Virginia,United States,,
AGED (Active Genomes Expressed) Diagnostics,,,Yes,TRUE,4,2018,,,https://www.ageddiagnostics.com,,1901 Lincoln Rd Ne,Washington,District of Columbia,United States,,
AliquantumRx Inc.,,,Yes,TRUE,2,2015,,,https://aliquantumrx.com,,1812 Ashland Ave,Baltimore,Maryland,United States,,
Anacrusis LLC,,,Yes,TRUE,2,2015,,,Anacrusisllc.com,,2210 Ken Oak Rd,Baltimore,Maryland,United States,,
Armaments Research Company,,,Yes,TRUE,5,2021,,,https://www.armaments.us,,6422 Broad St,Bethesda,Maryland,United States,,
ArtiMed Inc.,,,Yes,TRUE,2,2020,,,https://www.artimed.ai,,3601 Greenway Unit 910,Baltimore,Maryland,United States,,
Ashvattha Therapeutics Inc,,,Yes,TRUE,2,,,,https://avttx.com,,1812 Ashland Ave Ste 100,Baltimore,Maryland,United States,,
Avasys,,,Yes,TRUE,1,2015,,,http://www.avasysmedical.com,,5445 Crowflock Ct,Columbia,Maryland,United States,,
"Beyond Reach Labs, Inc.",,,No,TRUE,,,,,https://www.beyondreachlabs.io/aboutt,,,,,United States,,
Bubble CPAP Institute,,,Yes,TRUE,1,2020,,,https://www.bcpap.org,,5134 1St Rd,Fairfax,Virginia,United States,,
Celeflux LLC,,,Yes,TRUE,,2019,,,https://www.celeflux.com,,463 Severnside Drive,Severna Park,Maryland,United States,,
ChronoKair,,,Yes,TRUE,1,2012,,,,,,Columbia Heights,Maryland,United States,,
Clear Alignment,,,Yes,FALSE,,,,,https://www.clearalignment.org,,7400 York Rd,Towson,Maryland,United States,,
Clearview360,,,Yes,FALSE,,2003,,,www.clearview360.org,2024,1111 Market Place  Suite 901,Baltimore,Maryland,United States,,
CoastWize LLC,,,Yes,TRUE,2,2016,,,http://coastwize.com/,,9586 Bay Point Dr,Norfolk,Virginia,United States,,
"Cogwear, Inc.",,,Yes,TRUE,8,2018,,,https://cogweartech.com,,3401 Grays Ferry Ave Bldg 176 Ste 1031,Philadelphia,Pennsylvania,United States,,
"Datasembly, Inc.",,,Yes,TRUE,70,2015,,,https://datasembly.com,,1775 Tysons Blvd Fl 5,Tysons,Virginia,United States,,
Dexible,,,Yes,FALSE,,,,,https://dexible.io,,,,,United States,,
"DOT Consulting, LLC",,,Yes,TRUE,1,2013,,,https://dotconsulting.net,,2121 Eisenhower Ave,Alexandria,Virginia,United States,,
"Edessa, Inc.",,,Yes,TRUE,23,2002,,,http://edessaclean.com,,11027 Cherry Ave,Fontana,California,United States,,
E-Pulse/Telliscope,,,Yes,TRUE,2,2014,,,https://telliscope.com,,9042 Marie CT,Lorton,Virginia,United States,,
Firehawk Press LLC,,,Yes,TRUE,1,2021,,,,,41 W Highway 14,Spearfish,South Dakota,United States,,
"Flourish and Thrive Labs, LLC",,,Yes,TRUE,2,2018,,,https://www.fandtlabs.com,,140 Mallard CT,Grayslake,Illinois,United States,,
"Fzata, Inc.",,,Yes,TRUE,3,2015,,,https://www.fzata.com/,,1450 S Rolling Rd,Halethorpe,Maryland,United States,,
GlowGadget,,,Yes,TRUE,4,2018,,,https://www.glowgadget.com,,2792 Cedar Dr,Riva,Maryland,United States,,
"Gray Zone, LLC",,,Yes,TRUE,1,2018,,,https://grayzonesolutions.com,,10328 Mockingbird Pond Ct,Burke,Virginia,United States,,
InnovateTech Ventures,,,Yes,TRUE,1,2007,,,https://innovatetech.comm,,3002 Hughsmith Ct,Oak Hill,Virginia,United States,,
Intergalactic Education LLC,,,Yes,FALSE,,2016,,,,,,,,United States,,
Kesem Health PTY LTD,,,Yes,TRUE,29,2018,,,https://iuflow.com,,,,,United States,,
Keyp,,,Yes,TRUE,,,,,,,,,,United States,,
"Knonap, LLC",,,Yes,TRUE,3,2021,,,https://knonap.com/,,1800 N Lynn St Apt 1310,Arlington,Virginia,United States,,
"Leone BioVentures,LLC",,,No,TRUE,4,2013,,,,,345 Luck Ave Sw,Roanoke,Virginia,United States,,
"Local Home Care Partners, LLC",,,Yes,TRUE,7,2022,,,,,11959 Pebble Rock Dr,Houston,Texas,United States,,
LOOP,,,Yes,TRUE,15,2015,,,https://www.ridewithloop.com,,2810 S 1St St,Austin,Texas,United States,,
"Lunch Pail, Inc.",,,Yes,FALSE,,2014,,,,,,,,United States,,
Magki Farms,,,Yes,TRUE,,,,,https://magkifarms.com,,,,,United States,,
"Materic, LLC",,,Yes,TRUE,15,2020,Maryland,United States,https://matericgroup.com,,1100 Wicomico St Ste 323,Baltimore,Maryland,United States,,
"Maxterial, Inc.",,,Yes,TRUE,4,2015,,,https://www.maxterial.com,,1061 Serpentine Ln Ste A,Pleasanton,California,United States,,
Medical and Educational Perspectives,,,Yes,TRUE,4,2008,,,https://www.facebook.com/mepjhu/,,3801 Canterbury Rd,Baltimore,Maryland,United States,,
NanoChon,,,Yes,TRUE,2,2016,,,,,5804 Fitzhugh St,Burke,Virginia,United States,,
Nanodirect LLC,,,Yes,FALSE,0,2013,,,,,1100 Wicomico St Ste 323,Baltimore,Maryland,United States,,
NasaClip,,,Yes,TRUE,6,2015,,,https://shop.nasaclip.com/?utm_source=Social+Media&utm_medium=Linkedin,,,Baltimore,Maryland,United States,,
"Natural Numerix, Inc",,,Yes,TRUE,5,2015,,,,2022,25 Broadway Floor 9,New York,New York,United States,,
"Neurgain Technologies, Inc.",,,Yes,TRUE,3,2013,,,https://neurgaintech.com,,251 Little Falls Dr,Wilmington,Delaware,United States,,
"Nexus 8 International, LLC",,,Yes,TRUE,14,2016,,,https://hippra.azurewebsites.net,,5028 Wisconsin Avenue Northwest Suite 100,Washington,District of Columbia,United States,,
Nikou Inc.,,,No,TRUE,,,,,,,3982 Powell Rd,Powell,Ohio,United States,,
Nurse Match,,,Yes,TRUE,,,,,,,,,,United States,,
OccasionGenius,,,Yes,TRUE,11,2017,,,https://occasiongenius.com/about-us,,601 N 23Rd St,Richmond,Virginia,United States,,
"Oculi, Inc",,,Yes,TRUE,10,2019,,,https://www.oculi.ai,,,Baltimore,Maryland,United States,,
"Pancopia, Inc.",,,Yes,TRUE,3,2014,,,https://www.pancopia.com/,,1100 Exploration Way,Hampton,Virginia,United States,,
Paradigm Campus Innovations LLC,,,Yes,FALSE,,2018,,,,2021,,,,United States,,
"Park & Diamond, inc.",,,Yes,TRUE,2,2018,,,https://www.park-and-diamond.com/,,2020 Kraft Dr Ste 3050,Blacksburg,Virginia,United States,,
"PathoDynamics, LLC",,,Yes,TRUE,,2021,,,https://pathodynamics.com,,13701 Canal Vista Ct,Potomac,Maryland,United States,,
PathoVax,,,Yes,TRUE,2,2015,,,https://www.pathovax.com,,1812 Ashland Ave 100,Baltimore,Maryland,United States,,
Pay Your Tuition Funds,,,Yes,TRUE,5,2014,,,https://www.gopyt.com,,13619 Colgate Way,Silver Spring,Maryland,United States,,
"PediaMetrix, Inc",,,Yes,TRUE,20,2019,,,https://www.pediametrix.com,,155 Gibbs St Unit 537,Rockville,Maryland,United States,,
Playble,,,Yes,FALSE,,,,,,,,,,United States,,
Ready Robotics,,,Yes,TRUE,20,2016,,,https://www.ready-robotics.com,,101 W Dickman St Ste 800,Baltimore,Maryland,United States,,
Renalert,,,Yes,TRUE,1,2016,,,https://www.renalert.co/,,101 W Dickman St Ste 900,Baltimore,Maryland,United States,,
Revolve Biotechnologies,,,No,TRUE,3,2013,,,https://www.revolvebiotech.com/,,1100 Wicomico St Ste 323,Baltimore,Maryland,United States,,
"Rhizome, LLC",,,Yes,TRUE,2,2019,,,https://consultrhizome.com,,311 N St Sw,Washington,District of Columbia,United States,,
Scanogen Inc,,,Yes,TRUE,8,2011,,,,,3102 Lord Baltimore Dr,Baltimore,Maryland,United States,,
Seedomics Inc.,,,Yes,TRUE,,,,,,,,,,United States,,
SeeHear LLC,,,Yes,TRUE,3,2013,,,https://seehear.us/accounts/home/,,1716 N Danville St,Arlington,Virginia,United States,,
Sensing Machines LLC,,,Yes,TRUE,2,2006,,,,,12010 Hammonds Glen Cir,Kingsville,Maryland,United States,,
"Shiptection, LLC",,,Yes,TRUE,,,,,https://www.shiptection.com',,,,,United States,,
"SmartBridge, Inc.",,,Yes,FALSE,1,,,,https://www.smartbridgehealth.com/,,400 Cameron Station Blvd,Alexandria,Virginia,United States,,
Staff U,,,Yes,TRUE,,2015,,,http://www.staffu.co,,,,,United States,,
"Stocastic, LLC",,,Yes,TRUE,12,2015,,,www.stocastic.com,,101 N Haven St Ste 301,Baltimore,Maryland,United States,,
TactiMed,,,Yes,FALSE,,,,,,,,,,United States,,
"TBT Pharma, Inc.",,,Yes,TRUE,1,2016,,,,,708 S Hanover St,Baltimore,Maryland,United States,,
"Tegrex Technologies, LLC",,,Yes,FALSE,0,2013,,United States,,,705 Dale Ave Ste D,Charlottesville,Virginia,United States,,
Thrive Company,,,Yes,TRUE,6,2018,,,https://www.thrivecompany.com,,,,,United States,,
Time Systems LLC,,,Yes,TRUE,15,2005,,,,,3756 Stonewall Manor Dr,Triangle,Virginia,United States,,
Tomeaâ„¢,,,Yes,TRUE,,,,,http://www.aarondmcgarvey.com,,,,,United States,,
"Trench Therapeutics, Inc",,,Yes,TRUE,,2020,,,https://www.trenchtx.com,,16 Aliso Way,Portola Valley,California,United States,,
True Bearing Diagnostics,,,Yes,TRUE,6,2017,,,https://truebearingdiagnostics.com/,,2450 Vrgnia Ave Nw Apt E1,Washington,District of Columbia,United States,,
Xopolis,,,Yes,TRUE,1,2017,,,http://xopol.is,,12471 Manderley Way,Herndon,Virginia,United States,,
"Yard Mapper, LLC",,,Yes,FALSE,,,,,,,,,,United States,,
Young Innovation Leaders Fellowship,,,No,TRUE,23,2016,,,https://www.younginnovationleaders.org,,,,,United States,,
Symbiont Health,,,Yes,TRUE,1,,,,https://www.symbionthealth.com/,,,College Park,Maryland,United States,,
1Drone Solutions,,,No,TRUE,,,,United States,,,,,,United States,,
3D Optics,,,No,TRUE,,,,United States,,,,,,United States,,
Adam Kugajevsky,,,No,TRUE,,,,United States,,,,,,United States,,
Advanced Food Safety Technologies,,,No,TRUE,,,,United States,,,,,,United States,,
Airlytics,,,No,TRUE,,,,United States,,,,,,United States,,
Airway Therapeutics,,,No,TRUE,,,,United States,,,,,,United States,,
AMARANI THERAPEUTICS,,,No,TRUE,,,,United States,,,,,,United States,,
AMAZ,,,No,TRUE,,,,United States,,,,,,United States,,
Andrei Claudiu Cosma,,,No,TRUE,,,,United States,,,,,,United States,,
Andrew Prout,,,No,TRUE,,,,United States,,,,,,United States,,
AR Decision Suport,,,No,TRUE,,,,United States,,,,,,United States,,
Archimedes Lighting Systems,,,No,TRUE,,,,United States,,,,,,United States,,
ARK App for Young Adults,,,No,TRUE,,,,United States,,,,,,United States,,
ARL,,,No,TRUE,,,,United States,,,,,,United States,,
Attune Biomedical,,,No,TRUE,,,,United States,,,,,,United States,,
Ausculware,,,No,TRUE,,,,United States,,,,,,United States,,
AuthentiCo,,,No,TRUE,,,,United States,,,,,,United States,,
Azita Moalemi,,,No,TRUE,,,,United States,,,,,,United States,,
Barney's Bee's,,,No,TRUE,,,,United States,,,,,,United States,,
Beacon In the Clouds,,,No,TRUE,,,,United States,,,,,,United States,,
BEMOSS,,,No,TRUE,,,,United States,,,,,,United States,,
Biomimetic Chest Cavity,,,No,TRUE,,,,United States,,,,,,United States,,
Bone On A Chip,,,No,TRUE,,,,United States,,,,,,United States,,
Brian Lewis,,,No,TRUE,,,,United States,,,,,,United States,,
Bruce Artman,,,No,TRUE,,,,United States,,,,,,United States,,
CADRE,,,No,TRUE,,,,United States,,,,,,United States,,
CAFA Smart Workbook,,,No,TRUE,,,,United States,,,,,,United States,,
CAMP,,,No,TRUE,,,,United States,,,,,,United States,,
Cardionautics,,,No,TRUE,,,,United States,,,,,,United States,,
CardioRing,,,No,TRUE,,,,United States,,,,,,United States,,
CBLab,,,No,TRUE,,,,United States,,,,,,United States,,
CDRD,,,No,TRUE,,,,United States,,,,,,United States,,
Cell Capture,,,No,TRUE,,,,United States,,,,,,United States,,
Chipset for Unformatted and Serialized Data Streams,,,No,TRUE,,,,United States,,,,,,United States,,
Choose 2 Snooze,,,No,TRUE,,,,United States,,,,,,United States,,
Chung Hyuk Park,,,No,TRUE,,,,United States,,,,,,United States,,
Clean Air Pillow,,,No,TRUE,,,,United States,,,,,,United States,,
Clean Condense,,,No,TRUE,,,,United States,,,,,,United States,,
Clinical Scheduling Group,,,No,TRUE,,,,United States,,,,,,United States,,
CloudAdvisor,,,No,TRUE,,,,United States,,,,,,United States,,
ComSol Inc.,,,No,TRUE,,,,United States,,,,,,United States,,
Control Innovations,,,No,TRUE,,,,United States,,,,,,United States,,
Cooling Prosthetic Liner,,,No,TRUE,,,,United States,,,,,,United States,,
Creating Fuel from Seawater (Naval Research Lab),,,No,TRUE,,,,United States,,,,,,United States,,
Cric,,,No,TRUE,,,,United States,,,,,,United States,,
CSI-PI,,,No,TRUE,,,,United States,,,,,,United States,,
Danny Cruz,,,No,TRUE,,,,United States,,,,,,United States,,
Data for the Social Good,,,No,TRUE,,,,United States,,,,,,United States,,
DataSapiens,,,No,TRUE,,,,United States,,,,,,United States,,
Debbie Schwartz,,,No,TRUE,,,,United States,,,,,,United States,,
DentaCheck,,,No,TRUE,,,,United States,,,,,,United States,,
Dynamic Safety Systems,,,No,TRUE,,,,United States,,,,,,United States,,
Eager,,,No,TRUE,,,,United States,,,,,,United States,,
E-communities,,,No,TRUE,,,,United States,,,,,,United States,,
ESP Technologies,,,No,TRUE,,,,United States,,,,,,United States,,
F4,,,No,TRUE,,,,United States,,,,,,United States,,
FAST&FREE Ultrasound,,,No,TRUE,,,,United States,,,,,,United States,,
FlashGrade/Megapixel,,,No,TRUE,,,,United States,,,,,,United States,,
Flexadyne,,,No,TRUE,,,,United States,,,,,,United States,,
Fluid I/O,,,No,TRUE,,,,United States,,,,,,United States,,
Forgotten Fruit,,,No,TRUE,,,,United States,,,,,,United States,,
"Funnel, Inc.",,,No,TRUE,,,,United States,,,,,,United States,,
Gloria Zhang,,,No,TRUE,,,,United States,,,,,,United States,,
GO Clean Technologies,,,No,TRUE,,,,United States,,,,,,United States,,
GolfTech,,,No,TRUE,,,,United States,,,,,,United States,,
Green Bank Machining Services,,,No,TRUE,,,,United States,,,,,,United States,,
Guiliano Scarelli,,,No,TRUE,,,,United States,,,,,,United States,,
GutFeeling,,,No,TRUE,,,,United States,,,,,,United States,,
GWSchED,,,No,TRUE,,,,United States,,,,,,United States,,
Halo Scientific,,,No,TRUE,,,,United States,,,,,,United States,,
Hedge America i-Devices,,,No,TRUE,,,,United States,,,,,,United States,,
Helicase,,,No,TRUE,,,,United States,,,,,,United States,,
High Score Educational,,,No,TRUE,,,,United States,,,,,,United States,,
HKSS,,,No,TRUE,,,,United States,,,,,,United States,,
HOAD Research Group,,,No,TRUE,,,,United States,,,,,,United States,,
Humiros,,,No,TRUE,,,,United States,,,,,,United States,,
Icleyeck,,,No,TRUE,,,,United States,,,,,,United States,,
ICOW,,,Yes,TRUE,,,,United States,,,,,,United States,,
iDx,,,No,TRUE,,,,United States,,,,,,United States,,
Illuminate,,,No,TRUE,,,,United States,,,,,,United States,,
Intelligent Health (MOD),,,No,TRUE,,,,United States,,,,,,United States,,
International geriatric radiotherapy group,,,No,TRUE,,,,United States,,,,,,United States,,
iUFlow,,,,TRUE,,,,United States,,,,,,United States,,
JAB,,,No,TRUE,,,,United States,,,,,,United States,,
Jaquan Outlaw,,,No,TRUE,,,,United States,,,,,,United States,,
jeffrey cummings,,,No,TRUE,,,,United States,,,,,,United States,,
JetLag Goggles,,,No,TRUE,,,,United States,,,,,,United States,,
Jim's guest,,,No,TRUE,,,,United States,,,,,,United States,,
Hillary Holmes,,,No,TRUE,,,,United States,,,,,,United States,,
Kairotech,,,No,TRUE,,,,United States,,,,,,United States,,
Kartik Bulusu,,,No,TRUE,,,,United States,,,,,,United States,,
KinePlay,,,No,TRUE,,,,United States,,,,,,United States,,
Knee Motion Sensor,,,No,TRUE,,,,United States,,,,,,United States,,
Legend Forever,,,No,TRUE,,,,United States,,,,,,United States,,
LifeGene-Biomarks,,,No,TRUE,,,,United States,,,,,,United States,,
MatchStick,,,No,TRUE,,,,United States,,,,,,United States,,
MeltMat,,,No,TRUE,,,,United States,,,,,,United States,,
MileMarker,,,No,TRUE,,,,United States,,,,,,United States,,
MiniHeart,,,No,TRUE,,,,United States,,,,,,United States,,
Minireader,,,No,TRUE,,,,United States,,,,,,United States,,
mobiNAAT,,,No,TRUE,,,,United States,,,,,,United States,,
Molecular Jig Games,,,No,TRUE,,,,United States,,,,,,United States,,
mSalus,,,No,TRUE,,,,United States,,,,,,United States,,
mWellness,,,No,TRUE,,,,United States,,,,,,United States,,
Mynd,,,No,TRUE,,,,United States,,,,,,United States,,
Myotherapeutics,,,No,TRUE,,,,United States,,,,,,United States,,
Nano-Guided Technologies,,,No,TRUE,,,,United States,,,,,,United States,,
Narine Muselimyan,,,No,TRUE,,,,United States,,,,,,United States,,
NASA Team 1,,,No,TRUE,,,,United States,,,,,,United States,,
NASA Team 2,,,No,TRUE,,,,United States,,,,,,United States,,
NAVAIR,,,No,TRUE,,,,United States,,,,,,United States,,
NAWCAD,,,No,TRUE,,,,United States,,,,,,United States,,
NAWCWD,,,No,TRUE,,,,United States,,,,,,United States,,
Neil Norris Jr,,,No,TRUE,,,,United States,,,,,,United States,,
Neonur,,,No,TRUE,,,,United States,,,,,,United States,,
Neuropheutics,,,No,TRUE,,,,United States,,,,,,United States,,
Obeidi LLC,,,No,TRUE,,,,United States,,,,,,United States,,
OnPoint Wearables,,,No,TRUE,,,,United States,,,,,,United States,,
Opptu,,,No,TRUE,,,,United States,,,,,,United States,,
Organizing4Innovation,,,No,TRUE,,,,United States,,,,,,United States,,
PAL App,,,No,TRUE,,,,United States,,,,,,United States,,
Pediatric Medical Device Institute,,,No,TRUE,,,,United States,,,,,,United States,,
Penguin Solution,,,No,TRUE,,,,United States,,,,,,United States,,
PLM Monitoring,,,No,TRUE,,,,United States,,,,,,United States,,
Polarization Preserving Fiber Optic Rotary Joints,,,No,TRUE,,,,United States,,,,,,United States,,
PolyPhysics,,,No,TRUE,,,,United States,,,,,,United States,,
Print a Splint,,,No,TRUE,,,,United States,,,,,,United States,,
Quick Release Self Contained Medical Electrode,,,No,TRUE,,,,United States,,,,,,United States,,
R&D Contestant 2,,,No,TRUE,,,,United States,,,,,,United States,,
R&D Contestant 3,,,No,TRUE,,,,United States,,,,,,United States,,
R&D Contestant 4,,,No,TRUE,,,,United States,,,,,,United States,,
R&D Winner 1,,,No,TRUE,,,,United States,,,,,,United States,,
R&D Winner 2,,,No,TRUE,,,,United States,,,,,,United States,,
R&D Winner 3,,,No,TRUE,,,,United States,,,,,,United States,,
R&D Winner 5,,,No,TRUE,,,,United States,,,,,,United States,,
R&D Winner 6,,,No,TRUE,,,,United States,,,,,,United States,,
Reactive Restraint Tech,,,No,TRUE,,,,United States,,,,,,United States,,
ReciproCare,,,No,TRUE,,,,United States,,,,,,United States,,
Reglin,,,No,TRUE,,,,United States,,,,,,United States,,
reNeuron,,,No,TRUE,,,,United States,,,,,,United States,,
Research Days contestant,,,No,TRUE,,,,United States,,,,,,United States,,
Research Days winner 1,,,No,TRUE,,,,United States,,,,,,United States,,
Research Days winner 2,,,No,TRUE,,,,United States,,,,,,United States,,
Research Days winner 3,,,No,TRUE,,,,United States,,,,,,United States,,
Research Days winner 4,,,No,TRUE,,,,United States,,,,,,United States,,
Research Days winner 5,,,No,TRUE,,,,United States,,,,,,United States,,
Research Days winner 6,,,No,TRUE,,,,United States,,,,,,United States,,
Resonant Optics,,,No,TRUE,,,,United States,,,,,,United States,,
respEQ,,,No,TRUE,,,,United States,,,,,,United States,,
Robotic Self Righting Tool (Army Research Lab),,,No,TRUE,,,,United States,,,,,,United States,,
Safe Surgical Drain,,,No,TRUE,,,,United States,,,,,,United States,,
"Salient, ENT",,,No,TRUE,,,,United States,,,,,,United States,,
SAM,,,No,TRUE,,,,United States,,,,,,United States,,
Sidney,,,No,TRUE,,,,United States,,,,,,United States,,
SMAART,,,No,TRUE,,,,United States,,,,,,United States,,
Small Spacecraft Micropropulsion,,,No,TRUE,,,,United States,,,,,,United States,,
Smart Ear Tube,,,No,TRUE,,,,United States,,,,,,United States,,
SmarterSocket,,,No,TRUE,,,,United States,,,,,,United States,,
Smart-ICUs (NIMS),,,No,TRUE,,,,United States,,,,,,United States,,
Smartpupillometer,,,No,TRUE,,,,United States,,,,,,United States,,
Social Radar (Mitre),,,No,TRUE,,,,United States,,,,,,United States,,
Soliton Cable,,,No,TRUE,,,,United States,,,,,,United States,,
SonoInsulin,,,No,TRUE,,,,United States,,,,,,United States,,
SponsorBuy,,,No,TRUE,,,,United States,,,,,,United States,,
SSA & Teleport Data Services,,,No,TRUE,,,,United States,,,,,,United States,,
Steve Reddick,,,No,TRUE,,,,United States,,,,,,United States,,
Synco Energy,,,No,TRUE,,,,United States,,,,,,United States,,
Tao Systems,,,No,TRUE,,,,United States,,,,,,United States,,
Team 8,,,No,TRUE,,,,United States,,,,,,United States,,
Team Mentor,,,No,TRUE,,,,United States,,,,,,United States,,
Team Perfecta,,,No,TRUE,,,,United States,,,,,,United States,,
TEAM THORUS,,,No,TRUE,,,,United States,,,,,,United States,,
The Audiophiles,,,No,TRUE,,,,United States,,,,,,United States,,
The Secret Ingredient LLC,,,No,TRUE,,,,United States,,,,,,United States,,
ThermoHUE,,,No,TRUE,,,,United States,,,,,,United States,,
TrackCog,,,No,TRUE,,,,United States,,,,,,United States,,
Trade MARCC,,,No,TRUE,,,,United States,,,,,,United States,,
Tree Wax Coating,,,No,TRUE,,,,United States,,,,,,United States,,
TRI-GUARD,,,No,TRUE,,,,United States,,,,,,United States,,
Ubiquitous Health Innovations,,,No,TRUE,,,,United States,,,,,,United States,,
Universal Student Fund,,,No,TRUE,,,,United States,,,,,,United States,,
Veiled Beaut,,,No,TRUE,,,,United States,,,,,,United States,,
Venture Resonance,,,No,TRUE,,,,United States,,,,,,United States,,
Vertical Graphene Technologies,,,No,TRUE,,,,United States,,,,,,United States,,
Vesna Zderic,,,No,TRUE,,,,United States,,,,,,United States,,
Voyager,,,No,TRUE,,,,United States,,,,,,United States,,
Walker et al.,,,No,TRUE,,,,United States,,,,,,United States,,
WARIO,,,No,TRUE,,,,United States,,,,,,United States,,
XaioQi,,,No,TRUE,,,,United States,,,,,,United States,,
Your Health Concierge,,,No,TRUE,,,,United States,,,,,,United States,,
Zmartar,,,No,TRUE,,,,United States,,,,,,United States,,
Autonomous Marine Systems,,,No,TRUE,,,,United States,,,,,,United States,,
Corduroy Diagnostics,,,No,TRUE,,,,United States,,,,,,United States,,
HealthGEO,,,No,TRUE,,,,United States,,,,,,United States,,
Rehabtics,,,No,TRUE,,,,United States,,,,,,United States,,
Surface Treatment for Non-Specular Reflection,,,No,TRUE,,,,United States,,,,,,United States,,
Surface Treatment for Non-Specular Reflection,,,No,TRUE,,,,United States,,,,,,United States,,
Surface Treatment for Non-Specular Reflection,,,No,TRUE,,,,United States,,,,,,United States,,
Kelsey Oliver,,,No,TRUE,,,,United States,,,,,,United States,,
"BioSieve, Inc.",,,Yes,TRUE,3,2024,Delaware,United States,https://biosieve.com/,,,,,United States,,
Team,,,No,TRUE,,,Maryland,United States,,,,,,United States,,
Spyridon Biotech,,,Yes,TRUE,4,2023,Delaware,United States,,,,,,United States,,
The Digital Health & Wellness Institute LLC,,,Yes,TRUE,4,2023,Virginia,United States,,,,,,United States,,
Arbitrage Diagnostics,,,No,TRUE,,,Pennsylvania,United States,,,,,,United States,,
AccuDiagnostiX,,,No,TRUE,,,,United States,,,,,,United States,,
Team Bastorian,,,No,TRUE,,,,United States,,,,,,United States,,
Mendelowitz Research,,,No,TRUE,,,,United States,,,,,,United States,,
Duragrip,,,No,TRUE,,,,United States,,,,,,United States,,
SIKARAM LABORATORIES,,,Yes,TRUE,2,2023,North Carolina,United States,,,,,,United States,,
StimGen,,,No,TRUE,,,,United States,,,,,,United States,,
ClearCure Biosciences,,,Yes,TRUE,2,2019,Delaware,United States,www.clearcurebiosciences.com,,,,,United States,,
Kavita Kapur,,,No,TRUE,,,,,,,,,,United States,,
Dianna Vass,,,No,TRUE,,,,,,,,,,United States,,
Lori Irvin,,,No,TRUE,,,,,,,,,,United States,,
"SereNeuro Therapeutics, Inc.",,,Yes,TRUE,2,2024,Delaware,United States,https://www.linkedin.com/company/sereneuro/,,,,,United States,,
"Epigenos Bioscience, Inc.",,,Yes,TRUE,4,2018,Delaware,United States,epigenos.com,,,,,United States,,
Team Inflammation,,,No,TRUE,,,,United States,,,,,,United States,,
"Islex Therapeutics, LLC",,,Yes,TRUE,2,2024,Maryland,United States,https://www.islextherapeutics.com/,,,,,United States,,
CaMelia,,,No,TRUE,,,Maryland,United States,,,,,,United States,,
GlykonDesign,,,No,TRUE,,,,United States,,,,,,United States,,
Syndeo Life,,,No,TRUE,,,,United States,,,,,,United States,,
MACER,,,No,TRUE,,,Maryland,United States,,,,,,United States,,
Karaman Language Solutions,,,Yes,TRUE,1,2017,Virginia,United States,https://www.karamandc.com/,,,,,United States,,
Vaccine Genie,,,No,TRUE,,,Washington,United States,,,,,,United States,,
AnuTem United (ATU),,,No,TRUE,,,Maryland,United States,,,,,,United States,,
The Marvericks,,,No,TRUE,,,Maryland,United States,,,,,,United States,,
"C Deeply, LLC",,,Yes,TRUE,1,2022,Texas,United States,https://cdeeply.com/,,,,,United States,,
"E-2 Unlimited Technologies, LLC",,,,TRUE,,,,,,,,,,United States,,
"Bionectech, Inc.",,,Yes,TRUE,4,2023,Texas,United States,https://www.bionectech.com,,,,,United States,,
Aquatic Circle LLC,,,Yes,TRUE,,,,,,,13807 Briarwood Dr SW,Cumberland,Maryland,United States,,
Word of Mouth Technologies Inc,,,,TRUE,2,2021,Maryland,United States,www.womtinc.com,,2664 West Park Drive,Woodlawn,Maryland,United States,,
edTech Startup,,,No,TRUE,,,Maryland,United States,,,,,,United States,,
Runmic Inc.,,,Yes,TRUE,1,2023,Delaware,United States,https://runmic.com,,,,,United States,,
The Geography of Mental Health,,,,TRUE,,,,United States,,,,,,United States,,
Learning from Demonstration,,,,TRUE,,,,United States,,,,,,United States,,
Dashuang Jia,,,No,TRUE,,,Maryland,United States,,,,,Maryland,United States,,
James Carbone,,,No,TRUE,,,,,,,,,,United States,,
Elixir Bioscience,,,No,TRUE,,,,United States,,,,,,United States,,
Tova Earth Inc.,,,Yes,TRUE,3,2022,Delaware,United States,www.tova.earth,,,,,United States,,
Fetal Health AI,,,No,TRUE,,,North Carolina,United States,,,,,,United States,,
FUSI (pronounced fussy),,,No,TRUE,,,,United States,,,,,,United States,,
"Quantum Sensor Technologies, LLC",,,Yes,TRUE,2,2024,Maryland,United States,www.qdsense.com,,,,,United States,,
Geekscode LLC,,,Yes,TRUE,2,2024,Maryland,United States,,,,,,United States,,
PestStop,,,No,TRUE,,,North Carolina,United States,,,,,,United States,,
MiMoCloud,,,Yes,TRUE,5,2010,Maryland,United States,mimocloud.com,,,,,United States,,
ReflectAR,,,Yes,TRUE,,,Pennsylvania,United States,,,,,,United States,,
Zenith Data Solutions LLC,,,Yes,TRUE,3,2024,Maryland,United States,www.zenithdatasolutions.com,,,,,United States,,
AI SENSE,,,Yes,TRUE,2,2024,Maryland,United States,,,,,,United States,,
NoClone Anti-Counterfeiting Solutions,,,No,TRUE,,,,United States,,,,,,United States,,
TalkScript,,,No,TRUE,,,,United States,,,,,,United States,,
Spherehub,,,No,TRUE,,,Maryland,United States,,,,,,United States,,
Language Assessment Innovations,,,No,TRUE,,,,United States,,,,,,United States,,
BioX10,,,No,TRUE,,,Maryland,United States,,,,,,United States,,
Precision Cellular Immunology LLC,,,Yes,TRUE,1,2024,New York,United States,,,,,,United States,,
"DSXTWN, LLC dba ThisTown",,,Yes,TRUE,4,2023,Maryland,United States,https://dsxtwn.app,,,,,United States,,
AdiCleanse,,,No,TRUE,,,,United States,,,,,,United States,,
MYSTEREO LLC,,,No,TRUE,,,,United States,,,,,,United States,,
Manta Pharma LLC,,,Yes,TRUE,2,2022,Maryland,United States,www.mantapharma.com,,,,,United States,,
Cooling Clothing,,,No,TRUE,,,Florida,United States,,,,,,United States,,
Watershed Power,,,No,TRUE,,,,United States,,,,,,United States,,
WENITE Inc.,,,Yes,TRUE,5,2021,New York,United States,https://www.weniteinc.com/,,,,,United States,,
Epigenesis,,,No,TRUE,1,2024,Virginia,United States,https://www.epigenesis.us/,,,,,United States,,
Elipsys LLC,,,Yes,TRUE,3,2021,Delaware,United States,www.elipsystech.com,,,,,United States,,
TechIfAI,,,No,TRUE,,,,United States,,,,,,United States,,
Instinct Robotics,,,No,TRUE,,,Pennsylvania,United States,,,,,,United States,,
Labwork Flows,,,No,TRUE,,,Maryland,United States,,,,,,United States,,
Reversal Therapeutics,,,No,TRUE,,,,United States,,,,,,United States,,
The Foundry of Hope LLC,,,Yes,TRUE,2,2023,Maryland,United States,,,,,,United States,,
Hydropore Technologies,,,Yes,TRUE,1,2022,Delaware,United States,https://hydropore.com/,,,,,United States,,
LASEIT,,,No,TRUE,,,,United States,,,,,,United States,,
Wood Wide AI,,,No,TRUE,,,Pennsylvania,United States,,,,,,United States,,
Green Mechanics Benefit LLC,,,Yes,TRUE,5,5,Maryland,United States,greenmechanics.co,,,,,United States,,
"OpEx Advantage, LLC",,,Yes,TRUE,1,2023,Maryland,United States,https://www.opexadvantage.com,,,,,United States,,
A-Bio,,,No,TRUE,,,,United States,,,,,,United States,,
FlexSense Tech,,,No,TRUE,,,,United States,,,,,,United States,,
"Ambigent, LLC",,,Yes,TRUE,3,2024,Pennsylvania,United States,https://ambigent.ai,,,,,United States,,
University of Maryland College Park,,,No,TRUE,,,,,,,,,,United States,,
University of Maryland - College Park,,,No,TRUE,,,,,,,,,,United States,,
University of Maryland - College Park,,,No,TRUE,,,,,,,,,,United States,,
Rent-My-Closet,,,No,TRUE,,,,United States,,,,,,United States,,
Mise en Place,,,No,TRUE,,,,United States,,,,,,United States,,
National Rose LLC,,,Yes,TRUE,,,,United States,,,,,,United States,,
Shabboard LLC,,,Yes,TRUE,2,2024,Maryland,United States,shabboard.com,,,,,United States,,
Total,Sum,,,1172,1699,,,,,,,,,,,
,Count,1207,,,,,,,,,,,,,,
,,,,,,,,,,,,,,,,
,,,,,,,,,,,,,,,,
Confidential Information - Do Not Distribute,,,,,,,,,,,,,,,,
"Copyright Â© 2000-2024 salesforce.com, inc. All rights reserved.",,,,,,,,,,,,,,,,