Company Name,award_title,agency,branch,phase,program,agency_tracking_number,contract,proposal_award_date,contract_end_date,solicitation_number,solicitation_year,topic_code,award_year,award_amount,award_link
NEUROENE THERAPEUTICS INC,A Vitamin K analog countermeasure for organophosphate poisoning,HHS,NIH,Phase I,SBIR,R43AI176434,1R43AI176434-01,2023-05-18,2025-04-30,PA21-259,2021.0,NIAID,2023,598010.0,202922
NEUROENE THERAPEUTICS INC,Administrative Supplement to Promote Diversity in Research and Development Small Businesses,HHS,NIH,Phase II,SBIR,R44NS097047,2R44NS097047-02,2018-08-15,2020-07-31,PA18-837,2017.0,NINDS,2018,1561448.0,171396
NEUROENE THERAPEUTICS INC,Novel mechanism for the treatment of epilepsy: New Vitamin K analogs target energetics and have low toxicity due to excellent specificity and low dose requirements compared to current therapies,HHS,NIH,Phase I,STTR,R41NS097047,1R41NS097047-01,2016-07-01,2017-06-30,PA15-270,2016.0,106,2016,224804.0,157333
SANITARY GREEN INCORPORATED,Ecological Treatment of Blackwater for Onsite Non-potable Reuse,EPA,,Phase II,SBIR,B24P2-1A02,68HERC24C0001,2023-10-19,2025-10-18,68HERC23R0188,2024.0,1A,2024,399618.0,208549
SANITARY GREEN INCORPORATED,Ecological Treatment of Blackwater for Onsite Non-potable Reuse Phase I Proposal,EPA,,Phase I,SBIR,B231A-0011,68HERC23C0010,2022-12-01,2023-05-31,68HERC22R0180,2023.0,1A,2023,99990.0,203794
SANITARY GREEN INCORPORATED,SBIR Phase II:Sustainable Decentralized Greywater Recycling System,NSF,,Phase II,SBIR,2136477,2136477,2022-03-01,2024-02-29,NSF 21-565,2021.0,ET,2022,991482.0,197457
SANITARY GREEN INCORPORATED,SBIR Phase I: Sustainable Decentralized Greywater Recycling System,NSF,,Phase I,SBIR,2015153,2015153,2020-06-01,2021-05-31,,2019.0,ET,2020,224999.0,177190
VISIMO LLC,FloodWise: Autonomous Geotagging for Disaster Response,DOC,NOAA,Phase I,SBIR,3217602,NA24OARX021G0015,2024-08-01,2025-01-31,NOAA-OAR-TPO-2024-2008184,2024.0,9.4,2024,174747.0,207757
VISIMO LLC, High Temporal Resolution Forecasting Framework Supporting Carbon Capture,DOE,,Phase I,STTR,281592,DE-SC0025082,2024-07-22,2025-04-21,DE-FOA-0003202,2024.0,C58-23c,2024,256486.0,214679
VISIMO LLC,AI-Enhanced Maintenance Form Engine (AIM-FE),DOD,NAVY,Phase I,SBIR,N241-055-1447,N68335-24-C-0458,2024-07-15,2025-01-15,24.1,2024.0,N241-055,2024,139927.0,211469
VISIMO LLC,Autonomous Agent Cognitive Architecture for Spacecraft Operations,NASA,,Phase II,SBIR,231322,80NSSC24CA107,2024-06-25,2026-06-24,SBIR_23_P2,2023.0,H6,2024,899989.0,212075
VISIMO LLC,Visualization Toolkit for Nanoscale Imaging Data ,DOE,,Phase I,STTR,278356,DE-SC0024747,2024-02-12,2024-11-11,DE-FOA-0003110,2024.0,C57-09a,2024,206500.0,214451
VISIMO LLC,Ecological Risk Mitigation Tool for Forestry Operations,USDA,NIFA,Phase I,STTR,2024-00423,2024-00423,2024-01-29,2025-06-30,USDA-NIFA-SBIR-009962,2024.0,8.1,2024,181500.0,208543
VISIMO LLC,"Topic 4A - VISIMO, LLC: Mapping Indoor Environments Using Real-time Artificial Intelligence and Localization (MURAL)",EPA,,Phase I,SBIR,B244A-0021,68HERC24C0019,2023-12-01,2024-05-31,68HERC23R0249,2024.0,4A,2024,99799.0,208403
VISIMO LLC,Machine Learning Toolkit for Academic and Grey Literature Screening,EPA,,Phase II,SBIR,B24P2-6A01,68HERC24C0008,2023-10-19,2025-10-18,68HERC23R0188,2024.0,6A,2024,397332.0,208555
VISIMO LLC,Risk Management Tool to Increase Farm Safety,USDA,,Phase II,SBIR,2023-03924,2023-03924,2023-08-16,2025-08-31,USDA-NIFA-SBIR-009642,2023.0,8.12,2023,644705.0,202284
VISIMO LLC,Autonomous Agent Cognitive Architecture for Spacecraft Operations,NASA,,Phase I,SBIR,231322,80NSSC23PB622,2023-07-26,2024-02-02,SBIR_23_P1,2023.0,H6,2023,166248.0,204076
VISIMO LLC,AI/ML Data Management Software System for NSRCs,DOE,,Phase II,STTR,0000271273,DE-SC0022413,2023-04-03,2025-04-02,,2023.0,C53-15a,2023,1146472.0,204342
VISIMO LLC,Artificial Intelligence Legal Assistant (AILA),DOD,USAF,Phase II,SBIR,F2D-8033,FA8649-23-P-0469,2023-02-03,2024-05-10,X23.4,2023.0,AFX234-DCSO2,2023,990288.0,204474
VISIMO LLC,Machine Learning Toolkit for Grey Literature Screening,EPA,,Phase I,SBIR,B236A-0009,68HERC23C0033,2022-12-01,2023-05-31,68HERC22R0180,2023.0,6A,2023,99803.5,203817
VISIMO LLC,Verification and Validation Software for Autonomous UAS Certification,NASA,,Phase I,SBIR,221647,80NSSC22PB242,2022-07-21,2023-01-25,SBIR_22_P1,2022.0,A2,2022,166319.0,196338
VISIMO LLC,Risk Management Tool to Increase Farm Safety,USDA,,Phase I,SBIR,2022-00742,2022-00742,2022-04-18,2023-02-28,USDA-NIFA-SBIR-008541,2022.0,8.12,2022,123680.0,196043
VISIMO LLC,Project Aletheia: Detecting Adversarial Manipulation of Image Data,DOD,USAF,Phase II,STTR,FX21A-TCSO1-0185,FA8649-22-P-0708,2022-03-10,2023-06-12,X21.A,2021.0,AF21A-TCSO1,2022,747531.0,198669
VISIMO LLC,AI/ML Data Management Software System for NSRCs,DOE,,Phase I,STTR,0000263264,DE-SC0022413,2022-02-14,2023-02-13,DE-FOA-0002554,2022.0,C53-15a,2022,200000.0,197070
VISIMO LLC,Artificial Intelligence (AI) to Support Judge Advocates When Advising Use-of-Force Decisions,DOD,USAF,Phase I,STTR,FX21B-TCSO1-0206,FA864922P0077,2021-11-02,2022-02-02,X21.B,2021.0,AF21B-TCSO1,2022,49872.0,194897
VISIMO LLC,CGAN ISALD: Conditional Generative Adversarial Network for Infinite Synthetic Aerial Landscape Data,DOD,USAF,Phase II,STTR,FX20C-TCSO1-0395,FA8649-21-P-1505,2021-08-24,2022-11-24,X20.C,2020.0,AF20C-TCSO1,2021,745446.0,190982
VISIMO LLC,Project Aletheia: A Gamified Truth Disclosure Platform,DOD,USAF,Phase I,STTR,FX21A-TCSO1-0185,FA8649-21-P-1396,2021-04-09,2021-07-09,X21.A,2021.0,AF21A-TCSO1,2021,49821.0,191991
VISIMO LLC,Generative Adversarial Network (GAN) for Synthetic Data Generation,DOD,USAF,Phase I,STTR,FX20C-TCSO1-0395,FA8649-21-P-0650,2021-02-05,2021-05-08,X20.C,2020.0,AF20C-TCSO1,2021,49804.0,191594
VISIMO LLC,Artificial Intelligence (AI) Algorithms for Sense and Avoid Neural Network Architectures for Orbs and UAVs,DOD,USAF,Phase I,STTR,FX20D-TCSO1-0426,FA8649-21-P-0231,2020-11-23,2021-05-24,X20.D,2020.0,AFX20D-TCSO1,2021,137458.0,187284
VISIMO LLC,FloodWise: Autonomous Geotagging for Disaster Response,DOC,NOAA,Phase I,SBIR,3217602,NA24OARX021G0015,2024-08-01,2025-01-31,NOAA-OAR-TPO-2024-2008184,2024.0,9.4,2024,174747.0,207757
VISIMO LLC, High Temporal Resolution Forecasting Framework Supporting Carbon Capture,DOE,,Phase I,STTR,281592,DE-SC0025082,2024-07-22,2025-04-21,DE-FOA-0003202,2024.0,C58-23c,2024,256486.0,214679
VISIMO LLC,AI-Enhanced Maintenance Form Engine (AIM-FE),DOD,NAVY,Phase I,SBIR,N241-055-1447,N68335-24-C-0458,2024-07-15,2025-01-15,24.1,2024.0,N241-055,2024,139927.0,211469
VISIMO LLC,Autonomous Agent Cognitive Architecture for Spacecraft Operations,NASA,,Phase II,SBIR,231322,80NSSC24CA107,2024-06-25,2026-06-24,SBIR_23_P2,2023.0,H6,2024,899989.0,212075
VISIMO LLC,Visualization Toolkit for Nanoscale Imaging Data ,DOE,,Phase I,STTR,278356,DE-SC0024747,2024-02-12,2024-11-11,DE-FOA-0003110,2024.0,C57-09a,2024,206500.0,214451
VISIMO LLC,Ecological Risk Mitigation Tool for Forestry Operations,USDA,NIFA,Phase I,STTR,2024-00423,2024-00423,2024-01-29,2025-06-30,USDA-NIFA-SBIR-009962,2024.0,8.1,2024,181500.0,208543
VISIMO LLC,"Topic 4A - VISIMO, LLC: Mapping Indoor Environments Using Real-time Artificial Intelligence and Localization (MURAL)",EPA,,Phase I,SBIR,B244A-0021,68HERC24C0019,2023-12-01,2024-05-31,68HERC23R0249,2024.0,4A,2024,99799.0,208403
VISIMO LLC,Machine Learning Toolkit for Academic and Grey Literature Screening,EPA,,Phase II,SBIR,B24P2-6A01,68HERC24C0008,2023-10-19,2025-10-18,68HERC23R0188,2024.0,6A,2024,397332.0,208555
VISIMO LLC,Risk Management Tool to Increase Farm Safety,USDA,,Phase II,SBIR,2023-03924,2023-03924,2023-08-16,2025-08-31,USDA-NIFA-SBIR-009642,2023.0,8.12,2023,644705.0,202284
VISIMO LLC,Autonomous Agent Cognitive Architecture for Spacecraft Operations,NASA,,Phase I,SBIR,231322,80NSSC23PB622,2023-07-26,2024-02-02,SBIR_23_P1,2023.0,H6,2023,166248.0,204076
VISIMO LLC,AI/ML Data Management Software System for NSRCs,DOE,,Phase II,STTR,0000271273,DE-SC0022413,2023-04-03,2025-04-02,,2023.0,C53-15a,2023,1146472.0,204342
VISIMO LLC,Artificial Intelligence Legal Assistant (AILA),DOD,USAF,Phase II,SBIR,F2D-8033,FA8649-23-P-0469,2023-02-03,2024-05-10,X23.4,2023.0,AFX234-DCSO2,2023,990288.0,204474
VISIMO LLC,Machine Learning Toolkit for Grey Literature Screening,EPA,,Phase I,SBIR,B236A-0009,68HERC23C0033,2022-12-01,2023-05-31,68HERC22R0180,2023.0,6A,2023,99803.5,203817
VISIMO LLC,Verification and Validation Software for Autonomous UAS Certification,NASA,,Phase I,SBIR,221647,80NSSC22PB242,2022-07-21,2023-01-25,SBIR_22_P1,2022.0,A2,2022,166319.0,196338
VISIMO LLC,Risk Management Tool to Increase Farm Safety,USDA,,Phase I,SBIR,2022-00742,2022-00742,2022-04-18,2023-02-28,USDA-NIFA-SBIR-008541,2022.0,8.12,2022,123680.0,196043
VISIMO LLC,Project Aletheia: Detecting Adversarial Manipulation of Image Data,DOD,USAF,Phase II,STTR,FX21A-TCSO1-0185,FA8649-22-P-0708,2022-03-10,2023-06-12,X21.A,2021.0,AF21A-TCSO1,2022,747531.0,198669
VISIMO LLC,AI/ML Data Management Software System for NSRCs,DOE,,Phase I,STTR,0000263264,DE-SC0022413,2022-02-14,2023-02-13,DE-FOA-0002554,2022.0,C53-15a,2022,200000.0,197070
VISIMO LLC,Artificial Intelligence (AI) to Support Judge Advocates When Advising Use-of-Force Decisions,DOD,USAF,Phase I,STTR,FX21B-TCSO1-0206,FA864922P0077,2021-11-02,2022-02-02,X21.B,2021.0,AF21B-TCSO1,2022,49872.0,194897
VISIMO LLC,CGAN ISALD: Conditional Generative Adversarial Network for Infinite Synthetic Aerial Landscape Data,DOD,USAF,Phase II,STTR,FX20C-TCSO1-0395,FA8649-21-P-1505,2021-08-24,2022-11-24,X20.C,2020.0,AF20C-TCSO1,2021,745446.0,190982
VISIMO LLC,Project Aletheia: A Gamified Truth Disclosure Platform,DOD,USAF,Phase I,STTR,FX21A-TCSO1-0185,FA8649-21-P-1396,2021-04-09,2021-07-09,X21.A,2021.0,AF21A-TCSO1,2021,49821.0,191991
VISIMO LLC,Generative Adversarial Network (GAN) for Synthetic Data Generation,DOD,USAF,Phase I,STTR,FX20C-TCSO1-0395,FA8649-21-P-0650,2021-02-05,2021-05-08,X20.C,2020.0,AF20C-TCSO1,2021,49804.0,191594
VISIMO LLC,Artificial Intelligence (AI) Algorithms for Sense and Avoid Neural Network Architectures for Orbs and UAVs,DOD,USAF,Phase I,STTR,FX20D-TCSO1-0426,FA8649-21-P-0231,2020-11-23,2021-05-24,X20.D,2020.0,AFX20D-TCSO1,2021,137458.0,187284
VISIMO LLC,FloodWise: Autonomous Geotagging for Disaster Response,DOC,NOAA,Phase I,SBIR,3217602,NA24OARX021G0015,2024-08-01,2025-01-31,NOAA-OAR-TPO-2024-2008184,2024.0,9.4,2024,174747.0,207757
VISIMO LLC, High Temporal Resolution Forecasting Framework Supporting Carbon Capture,DOE,,Phase I,STTR,281592,DE-SC0025082,2024-07-22,2025-04-21,DE-FOA-0003202,2024.0,C58-23c,2024,256486.0,214679
VISIMO LLC,AI-Enhanced Maintenance Form Engine (AIM-FE),DOD,NAVY,Phase I,SBIR,N241-055-1447,N68335-24-C-0458,2024-07-15,2025-01-15,24.1,2024.0,N241-055,2024,139927.0,211469
VISIMO LLC,Autonomous Agent Cognitive Architecture for Spacecraft Operations,NASA,,Phase II,SBIR,231322,80NSSC24CA107,2024-06-25,2026-06-24,SBIR_23_P2,2023.0,H6,2024,899989.0,212075
VISIMO LLC,Visualization Toolkit for Nanoscale Imaging Data ,DOE,,Phase I,STTR,278356,DE-SC0024747,2024-02-12,2024-11-11,DE-FOA-0003110,2024.0,C57-09a,2024,206500.0,214451
VISIMO LLC,Ecological Risk Mitigation Tool for Forestry Operations,USDA,NIFA,Phase I,STTR,2024-00423,2024-00423,2024-01-29,2025-06-30,USDA-NIFA-SBIR-009962,2024.0,8.1,2024,181500.0,208543
VISIMO LLC,"Topic 4A - VISIMO, LLC: Mapping Indoor Environments Using Real-time Artificial Intelligence and Localization (MURAL)",EPA,,Phase I,SBIR,B244A-0021,68HERC24C0019,2023-12-01,2024-05-31,68HERC23R0249,2024.0,4A,2024,99799.0,208403
VISIMO LLC,Machine Learning Toolkit for Academic and Grey Literature Screening,EPA,,Phase II,SBIR,B24P2-6A01,68HERC24C0008,2023-10-19,2025-10-18,68HERC23R0188,2024.0,6A,2024,397332.0,208555
VISIMO LLC,Risk Management Tool to Increase Farm Safety,USDA,,Phase II,SBIR,2023-03924,2023-03924,2023-08-16,2025-08-31,USDA-NIFA-SBIR-009642,2023.0,8.12,2023,644705.0,202284
VISIMO LLC,Autonomous Agent Cognitive Architecture for Spacecraft Operations,NASA,,Phase I,SBIR,231322,80NSSC23PB622,2023-07-26,2024-02-02,SBIR_23_P1,2023.0,H6,2023,166248.0,204076
VISIMO LLC,AI/ML Data Management Software System for NSRCs,DOE,,Phase II,STTR,0000271273,DE-SC0022413,2023-04-03,2025-04-02,,2023.0,C53-15a,2023,1146472.0,204342
VISIMO LLC,Artificial Intelligence Legal Assistant (AILA),DOD,USAF,Phase II,SBIR,F2D-8033,FA8649-23-P-0469,2023-02-03,2024-05-10,X23.4,2023.0,AFX234-DCSO2,2023,990288.0,204474
VISIMO LLC,Machine Learning Toolkit for Grey Literature Screening,EPA,,Phase I,SBIR,B236A-0009,68HERC23C0033,2022-12-01,2023-05-31,68HERC22R0180,2023.0,6A,2023,99803.5,203817
VISIMO LLC,Verification and Validation Software for Autonomous UAS Certification,NASA,,Phase I,SBIR,221647,80NSSC22PB242,2022-07-21,2023-01-25,SBIR_22_P1,2022.0,A2,2022,166319.0,196338
VISIMO LLC,Risk Management Tool to Increase Farm Safety,USDA,,Phase I,SBIR,2022-00742,2022-00742,2022-04-18,2023-02-28,USDA-NIFA-SBIR-008541,2022.0,8.12,2022,123680.0,196043
VISIMO LLC,Project Aletheia: Detecting Adversarial Manipulation of Image Data,DOD,USAF,Phase II,STTR,FX21A-TCSO1-0185,FA8649-22-P-0708,2022-03-10,2023-06-12,X21.A,2021.0,AF21A-TCSO1,2022,747531.0,198669
VISIMO LLC,AI/ML Data Management Software System for NSRCs,DOE,,Phase I,STTR,0000263264,DE-SC0022413,2022-02-14,2023-02-13,DE-FOA-0002554,2022.0,C53-15a,2022,200000.0,197070
VISIMO LLC,Artificial Intelligence (AI) to Support Judge Advocates When Advising Use-of-Force Decisions,DOD,USAF,Phase I,STTR,FX21B-TCSO1-0206,FA864922P0077,2021-11-02,2022-02-02,X21.B,2021.0,AF21B-TCSO1,2022,49872.0,194897
VISIMO LLC,CGAN ISALD: Conditional Generative Adversarial Network for Infinite Synthetic Aerial Landscape Data,DOD,USAF,Phase II,STTR,FX20C-TCSO1-0395,FA8649-21-P-1505,2021-08-24,2022-11-24,X20.C,2020.0,AF20C-TCSO1,2021,745446.0,190982
VISIMO LLC,Project Aletheia: A Gamified Truth Disclosure Platform,DOD,USAF,Phase I,STTR,FX21A-TCSO1-0185,FA8649-21-P-1396,2021-04-09,2021-07-09,X21.A,2021.0,AF21A-TCSO1,2021,49821.0,191991
VISIMO LLC,Generative Adversarial Network (GAN) for Synthetic Data Generation,DOD,USAF,Phase I,STTR,FX20C-TCSO1-0395,FA8649-21-P-0650,2021-02-05,2021-05-08,X20.C,2020.0,AF20C-TCSO1,2021,49804.0,191594
VISIMO LLC,Artificial Intelligence (AI) Algorithms for Sense and Avoid Neural Network Architectures for Orbs and UAVs,DOD,USAF,Phase I,STTR,FX20D-TCSO1-0426,FA8649-21-P-0231,2020-11-23,2021-05-24,X20.D,2020.0,AFX20D-TCSO1,2021,137458.0,187284
ACADIAN RESEARCH & DEVELOPMENT LLC,Reduction of Embodied Carbon in Concrete via Strength Enhancing Biochar-derived Graphene Products,EPA,,Phase I,SBIR,B254C-0001,68HERC25C0028,2024-12-16,2025-06-15,68HERC24R0185,2025.0,4C,2025,100000.0,214918
ACADIAN RESEARCH & DEVELOPMENT LLC,Value-added graphene materials from woody resources,USDA,NIFA,Phase II,SBIR,2024-04682,2024-04682,2024-09-01,2026-08-31,USDA-NIFA-SBIR-010287,2024.0,8.1,2024,650000.0,208496
ACADIAN RESEARCH & DEVELOPMENT LLC,Increasing Concrete Strength using Biochar-derived Graphene Products for Reduction of Embodied Carbon,EPA,,Phase I,SBIR,B245C-0001,68HERC24C0026,2023-12-01,2024-05-31,68HERC23R0249,2024.0,5C,2024,100000.0,208397
ACADIAN RESEARCH & DEVELOPMENT LLC,Value-added graphene materials from woody resources,USDA,,Phase I,STTR,2023-00747,2023-00747,2023-03-07,2024-06-30,USDA-NIFA-SBIR-009301,2023.0,8.1,2023,175000.0,202494
ACADIAN RESEARCH & DEVELOPMENT LLC,CREATES: CO2 REduction for grAphiTE Synthesis,DOE,,Phase I,SBIR,0000252058,DESC0020776,2020-06-29,2021-06-28,DEFOA0002146,2020.0,22b,2020,249921.0,177798
ACADIAN RESEARCH & DEVELOPMENT LLC,Next-Generation Modified Metal Organic Frameworks for CO2 Capture,DOE,,Phase I,SBIR,0000252059,DESC0020916,2020-06-29,2021-06-28,DEFOA0002146,2020.0,20a,2020,249741.0,177799
ACADIAN RESEARCH & DEVELOPMENT LLC,Reduction of Embodied Carbon in Concrete via Strength Enhancing Biochar-derived Graphene Products,EPA,,Phase I,SBIR,B254C-0001,68HERC25C0028,2024-12-16,2025-06-15,68HERC24R0185,2025.0,4C,2025,100000.0,214918
ACADIAN RESEARCH & DEVELOPMENT LLC,Value-added graphene materials from woody resources,USDA,NIFA,Phase II,SBIR,2024-04682,2024-04682,2024-09-01,2026-08-31,USDA-NIFA-SBIR-010287,2024.0,8.1,2024,650000.0,208496
ACADIAN RESEARCH & DEVELOPMENT LLC,Increasing Concrete Strength using Biochar-derived Graphene Products for Reduction of Embodied Carbon,EPA,,Phase I,SBIR,B245C-0001,68HERC24C0026,2023-12-01,2024-05-31,68HERC23R0249,2024.0,5C,2024,100000.0,208397
ACADIAN RESEARCH & DEVELOPMENT LLC,Value-added graphene materials from woody resources,USDA,,Phase I,STTR,2023-00747,2023-00747,2023-03-07,2024-06-30,USDA-NIFA-SBIR-009301,2023.0,8.1,2023,175000.0,202494
ACADIAN RESEARCH & DEVELOPMENT LLC,CREATES: CO2 REduction for grAphiTE Synthesis,DOE,,Phase I,SBIR,0000252058,DESC0020776,2020-06-29,2021-06-28,DEFOA0002146,2020.0,22b,2020,249921.0,177798
ACADIAN RESEARCH & DEVELOPMENT LLC,Next-Generation Modified Metal Organic Frameworks for CO2 Capture,DOE,,Phase I,SBIR,0000252059,DESC0020916,2020-06-29,2021-06-28,DEFOA0002146,2020.0,20a,2020,249741.0,177799
Creekside Environmental Products LLC,Biodegradable PFAS-Free Paper and Molded Fiber Tableware for Food Packaging,DOE,,Phase II,STTR,284587,DE-SC0024051,2024-09-10,2026-09-09,DE-FOA-0003279,2024.0,C56-19a,2024,1149991.0,214514
Creekside Environmental Products LLC,Topic 1B - Creekside Environmental Products: Ending Forever Chemicals: PFAS Adsorption and Decomposition,EPA,,Phase I,SBIR,B241B-0012,68HERC24C0009,2023-12-01,2024-05-31,68HERC23R0249,2024.0,1B,2024,100000.0,208394
Creekside Environmental Products LLC,Biodegradable PFAS-Free Paper and Molded Fiber Tableware for Food Packaging,DOE,,Phase I,SBIR,0000272462,DE-SC0024051,2023-07-10,2024-07-09,DE-FOA-0002903,2023.0,C56-19a,2023,199858.0,201875
Creekside Environmental Products LLC,Biodegradable PFAS-Free Paper and Molded Fiber Tableware for Food Packaging,DOE,,Phase II,STTR,284587,DE-SC0024051,2024-09-10,2026-09-09,DE-FOA-0003279,2024.0,C56-19a,2024,1149991.0,214514
Creekside Environmental Products LLC,Topic 1B - Creekside Environmental Products: Ending Forever Chemicals: PFAS Adsorption and Decomposition,EPA,,Phase I,SBIR,B241B-0012,68HERC24C0009,2023-12-01,2024-05-31,68HERC23R0249,2024.0,1B,2024,100000.0,208394
Creekside Environmental Products LLC,Biodegradable PFAS-Free Paper and Molded Fiber Tableware for Food Packaging,DOE,,Phase I,SBIR,0000272462,DE-SC0024051,2023-07-10,2024-07-09,DE-FOA-0002903,2023.0,C56-19a,2023,199858.0,201875
Creekside Environmental Products LLC,Biodegradable PFAS-Free Paper and Molded Fiber Tableware for Food Packaging,DOE,,Phase II,STTR,284587,DE-SC0024051,2024-09-10,2026-09-09,DE-FOA-0003279,2024.0,C56-19a,2024,1149991.0,214514
Creekside Environmental Products LLC,Topic 1B - Creekside Environmental Products: Ending Forever Chemicals: PFAS Adsorption and Decomposition,EPA,,Phase I,SBIR,B241B-0012,68HERC24C0009,2023-12-01,2024-05-31,68HERC23R0249,2024.0,1B,2024,100000.0,208394
Creekside Environmental Products LLC,Biodegradable PFAS-Free Paper and Molded Fiber Tableware for Food Packaging,DOE,,Phase I,SBIR,0000272462,DE-SC0024051,2023-07-10,2024-07-09,DE-FOA-0002903,2023.0,C56-19a,2023,199858.0,201875
Creekside Environmental Products LLC,Biodegradable PFAS-Free Paper and Molded Fiber Tableware for Food Packaging,DOE,,Phase II,STTR,284587,DE-SC0024051,2024-09-10,2026-09-09,DE-FOA-0003279,2024.0,C56-19a,2024,1149991.0,214514
Creekside Environmental Products LLC,Topic 1B - Creekside Environmental Products: Ending Forever Chemicals: PFAS Adsorption and Decomposition,EPA,,Phase I,SBIR,B241B-0012,68HERC24C0009,2023-12-01,2024-05-31,68HERC23R0249,2024.0,1B,2024,100000.0,208394
Creekside Environmental Products LLC,Biodegradable PFAS-Free Paper and Molded Fiber Tableware for Food Packaging,DOE,,Phase I,SBIR,0000272462,DE-SC0024051,2023-07-10,2024-07-09,DE-FOA-0002903,2023.0,C56-19a,2023,199858.0,201875
"FOREVER ANALYTICAL SERVICES, INC.",Scaling Up a Field-Deployable Water Sampling Device to Rapidly Screen Adsorbable Organic Fluorine in situ,EPA,,Phase II,SBIR,B24P2-1D01,68HERC24C0003,2023-10-19,2025-10-18,68HERC23R0188,2024.0,1D,2024,400000.0,208551
"FOREVER ANALYTICAL SERVICES, INC.","Rapid, Field-Deployable Water Sampling Device to Facilitate On-Site Total PFAS Measurement",EPA,,Phase I,SBIR,B231D-0006,68HERC23C0014,2022-12-01,2023-05-31,68HERC22R0180,2023.0,1D,2023,99983.0,203798
HOLOCHIP CORP,LAMA: Localization and Mapping Artificial Intelligence Application,EPA,,Phase II,SBIR,B25P2-4A01,68HERC25C0004,2024-10-16,2026-10-17,68HERC24R0184,2025.0,4A,2025,400000.0,214938
HOLOCHIP CORP,Prescription Optical Visor for the M50 Air Purifying Respirator,DOD,CBD,Phase I,SBIR,C233-002-0102,W911SR-24-C-0028,2024-09-05,2025-03-05,23.3,2023.0,CBD233-002,2024,194282.68,209791
HOLOCHIP CORP,Multifocal Augmented Reality Visual Informatics System,NASA,,Phase I,SBIR,24Z2031005,80NSSC24PB331,2024-07-31,2025-02-06,SBIR-2024-Phase 1,2024.0,Z2,2024,149999.0,212358
HOLOCHIP CORP,Mixed-Reality Off-the-Visor Heads Up Display,DOD,ARMY,Phase I,SBIR,A244-011-0238,W51701-24-C-0185,2024-05-09,2024-11-28,24.4,2024.0,A244-011,2024,249999.74,209513
HOLOCHIP CORP,LAMA: Localization and Mapping Artificial Intelligence Application,EPA,,Phase I,SBIR,B244A-0010,68HERC24C0018,2023-12-01,2024-05-31,68HERC23R0249,2024.0,4A,2024,100000.0,208404
HOLOCHIP CORP,Reconfigurable Augmented Reality Display (RAD) for Close-Air Support,DOD,NAVY,Phase I,SBIR,N222-119-0388,N68335-23-C-0048,2022-11-07,2023-05-09,22.2,2022.0,N222-119,2023,146500.0,199732
HOLOCHIP CORP,Automatic Decision Aide,DOD,NAVY,Phase I,SBIR,N221-032-1155,N68335-22-C-0571,2022-07-25,2023-01-28,22.1,2022.0,N221-032,2022,146500.0,199568
HOLOCHIP CORP,Lightweight Marinized and Cybersecure Augmented Reality System,DOD,NAVY,Phase II,SBIR,N201-024-1223,N68335-21-C-0373,2021-05-13,2024-07-29,20.1,2020.0,N201-024,2021,1124996.0,192823
HOLOCHIP CORP,Tiled Near-Eye Light Field Display,DOD,NAVY,Phase II,SBIR,N192-087-0693,N68335-21-C-0260,2021-01-28,2024-04-24,19.2,2019.0,N192-087,2021,1124997.0,192712
HOLOCHIP CORP,Light-Weight Marinized and Cyber-Secure Augmented Reality System,DOD,NAVY,Phase I,SBIR,N201-024-1223,N68335-20-C-0417,2020-04-27,2021-07-29,00.1,,N201-024,2020,239996.0,184488
HOLOCHIP CORP,Tiled Near-Eye Light Field Display,DOD,NAVY,Phase I,SBIR,N192-087-0693,N68335-19-C-0703,2019-08-26,2020-02-26,19.2,2019.0,N192-087,2019,139995.0,178939
HOLOCHIP CORP,A Holographic and Light-field Processor for Extreme Multi-View Displays,DOD,NAVY,Phase II,SBIR,N171-076-1057,N68335-19-C-0212,2019-01-04,2020-01-07,17.1,2017.0,N171-076,2019,499999.0,179230
HOLOCHIP CORP,Variable Accommodation Head Mounted Display,DOD,NAVY,Phase II,SBIR,N121-041-0710a,N68335-18-C-0056,2017-12-22,2022-10-31,12.1,2012.0,N121-041,2018,1699997.0,173298
HOLOCHIP CORP,A Holographic and Light-field Processor for Extreme Multi-View Displays,DOD,NAVY,Phase I,SBIR,N171-076-1057,N00178-17-C-1101,2017-08-30,2019-02-15,2017.1,2017.0,N171-076,2017,224999.0,165807
HOLOCHIP CORP,Variable-Collimation Display System,DOD,NAVY,Phase II,SBIR,N121-041-0710,N68335-13-C-0231,2013-09-26,2016-11-30,2012.1,2013.0,N121-041,2013,999995.0,142339
HOLOCHIP CORP,Transmissive Wide-Angle High-Resolution and Compact Subaperture Imaging System,DOD,USAF,Phase II,STTR,F10B-T35-0205,FA8650-12-C-1472,2012-08-15,,2010.B,2010.0,AF10-BT35,2012,749992.0,134260
HOLOCHIP CORP,Dual-Mode Variable-Collimation and Real-Image Display,DOD,NAVY,Phase I,SBIR,N121-041-0710,N68335-12-C-0173,2012-04-05,,2012.1,2012.0,N121-041,2012,149996.0,137313
HOLOCHIP CORP,Transmissive Wide-Angle High-Resolution and Compact Subaperture Imaging System,DOD,USAF,Phase I,STTR,F10B-T35-0205,FA8650-11-M-1172,2011-04-29,,2010.B,2010.0,AF10-BT35,2011,99996.0,130384
HOLOCHIP CORP,A Large Field-of-View and High-Resolution Camera in a Small Form Factor,DOD,ARMY,Phase I,SBIR,A102-055-1630,W15QKN-11-C-0030,2010-12-28,2011-06-22,2010.2,2010.0,A10-055,2010,69998.0,2147
HOLOCHIP CORP,Micro-Actuated Optics for Wide Field-of-View (FOV) Imaging with Random-Access Optical Zoom Capability,DOD,DARPA,Phase II,SBIR,07SB2-0396,W31P4Q-09-C-0372,2009-09-14,2011-12-31,2007.2,2007.0,SB072-025,2009,749988.0,54123
HOLOCHIP CORP,A Full-Parallax High-brightness Large-Format Floating-Image Solid-State 3D Display,DOD,USAF,Phase I,SBIR,F083-019-1950,FA8650-09-M-6969,2009-04-20,2010-02-20,2008.3,2008.0,AF083-019,2009,100000.0,54122
HOLOCHIP CORP,Micro-Actuated Optics for Wide Field-of-View (FOV) Imaging with Random-Access Optical Zoom Capability,DOD,DARPA,Phase I,SBIR,07SB2-0396,W31P4Q-08-C-0237,2008-03-10,2008-10-29,2007.2,2007.0,SB072-025,2008,99000.0,54120
HOLOCHIP CORP,Design and Analysis of Agile Optical-Zoom and Field-of-View Steering Systems for Small-Scale UAV Cameras,DOD,USAF,Phase I,SBIR,F073-075-1081,FA8650-08-M-1330,2008-01-28,2008-10-31,2007.3,2007.0,AF073-075,2008,99999.0,54121
HOLOCHIP CORP,LAMA: Localization and Mapping Artificial Intelligence Application,EPA,,Phase II,SBIR,B25P2-4A01,68HERC25C0004,2024-10-16,2026-10-17,68HERC24R0184,2025.0,4A,2025,400000.0,214938
HOLOCHIP CORP,Prescription Optical Visor for the M50 Air Purifying Respirator,DOD,CBD,Phase I,SBIR,C233-002-0102,W911SR-24-C-0028,2024-09-05,2025-03-05,23.3,2023.0,CBD233-002,2024,194282.68,209791
HOLOCHIP CORP,Multifocal Augmented Reality Visual Informatics System,NASA,,Phase I,SBIR,24Z2031005,80NSSC24PB331,2024-07-31,2025-02-06,SBIR-2024-Phase 1,2024.0,Z2,2024,149999.0,212358
HOLOCHIP CORP,Mixed-Reality Off-the-Visor Heads Up Display,DOD,ARMY,Phase I,SBIR,A244-011-0238,W51701-24-C-0185,2024-05-09,2024-11-28,24.4,2024.0,A244-011,2024,249999.74,209513
HOLOCHIP CORP,LAMA: Localization and Mapping Artificial Intelligence Application,EPA,,Phase I,SBIR,B244A-0010,68HERC24C0018,2023-12-01,2024-05-31,68HERC23R0249,2024.0,4A,2024,100000.0,208404
HOLOCHIP CORP,Reconfigurable Augmented Reality Display (RAD) for Close-Air Support,DOD,NAVY,Phase I,SBIR,N222-119-0388,N68335-23-C-0048,2022-11-07,2023-05-09,22.2,2022.0,N222-119,2023,146500.0,199732
HOLOCHIP CORP,Automatic Decision Aide,DOD,NAVY,Phase I,SBIR,N221-032-1155,N68335-22-C-0571,2022-07-25,2023-01-28,22.1,2022.0,N221-032,2022,146500.0,199568
HOLOCHIP CORP,Lightweight Marinized and Cybersecure Augmented Reality System,DOD,NAVY,Phase II,SBIR,N201-024-1223,N68335-21-C-0373,2021-05-13,2024-07-29,20.1,2020.0,N201-024,2021,1124996.0,192823
HOLOCHIP CORP,Tiled Near-Eye Light Field Display,DOD,NAVY,Phase II,SBIR,N192-087-0693,N68335-21-C-0260,2021-01-28,2024-04-24,19.2,2019.0,N192-087,2021,1124997.0,192712
HOLOCHIP CORP,Light-Weight Marinized and Cyber-Secure Augmented Reality System,DOD,NAVY,Phase I,SBIR,N201-024-1223,N68335-20-C-0417,2020-04-27,2021-07-29,00.1,,N201-024,2020,239996.0,184488
HOLOCHIP CORP,Tiled Near-Eye Light Field Display,DOD,NAVY,Phase I,SBIR,N192-087-0693,N68335-19-C-0703,2019-08-26,2020-02-26,19.2,2019.0,N192-087,2019,139995.0,178939
HOLOCHIP CORP,A Holographic and Light-field Processor for Extreme Multi-View Displays,DOD,NAVY,Phase II,SBIR,N171-076-1057,N68335-19-C-0212,2019-01-04,2020-01-07,17.1,2017.0,N171-076,2019,499999.0,179230
HOLOCHIP CORP,Variable Accommodation Head Mounted Display,DOD,NAVY,Phase II,SBIR,N121-041-0710a,N68335-18-C-0056,2017-12-22,2022-10-31,12.1,2012.0,N121-041,2018,1699997.0,173298
HOLOCHIP CORP,A Holographic and Light-field Processor for Extreme Multi-View Displays,DOD,NAVY,Phase I,SBIR,N171-076-1057,N00178-17-C-1101,2017-08-30,2019-02-15,2017.1,2017.0,N171-076,2017,224999.0,165807
HOLOCHIP CORP,Variable-Collimation Display System,DOD,NAVY,Phase II,SBIR,N121-041-0710,N68335-13-C-0231,2013-09-26,2016-11-30,2012.1,2013.0,N121-041,2013,999995.0,142339
HOLOCHIP CORP,Transmissive Wide-Angle High-Resolution and Compact Subaperture Imaging System,DOD,USAF,Phase II,STTR,F10B-T35-0205,FA8650-12-C-1472,2012-08-15,,2010.B,2010.0,AF10-BT35,2012,749992.0,134260
HOLOCHIP CORP,Dual-Mode Variable-Collimation and Real-Image Display,DOD,NAVY,Phase I,SBIR,N121-041-0710,N68335-12-C-0173,2012-04-05,,2012.1,2012.0,N121-041,2012,149996.0,137313
HOLOCHIP CORP,Transmissive Wide-Angle High-Resolution and Compact Subaperture Imaging System,DOD,USAF,Phase I,STTR,F10B-T35-0205,FA8650-11-M-1172,2011-04-29,,2010.B,2010.0,AF10-BT35,2011,99996.0,130384
HOLOCHIP CORP,A Large Field-of-View and High-Resolution Camera in a Small Form Factor,DOD,ARMY,Phase I,SBIR,A102-055-1630,W15QKN-11-C-0030,2010-12-28,2011-06-22,2010.2,2010.0,A10-055,2010,69998.0,2147
HOLOCHIP CORP,Micro-Actuated Optics for Wide Field-of-View (FOV) Imaging with Random-Access Optical Zoom Capability,DOD,DARPA,Phase II,SBIR,07SB2-0396,W31P4Q-09-C-0372,2009-09-14,2011-12-31,2007.2,2007.0,SB072-025,2009,749988.0,54123
HOLOCHIP CORP,A Full-Parallax High-brightness Large-Format Floating-Image Solid-State 3D Display,DOD,USAF,Phase I,SBIR,F083-019-1950,FA8650-09-M-6969,2009-04-20,2010-02-20,2008.3,2008.0,AF083-019,2009,100000.0,54122
HOLOCHIP CORP,Micro-Actuated Optics for Wide Field-of-View (FOV) Imaging with Random-Access Optical Zoom Capability,DOD,DARPA,Phase I,SBIR,07SB2-0396,W31P4Q-08-C-0237,2008-03-10,2008-10-29,2007.2,2007.0,SB072-025,2008,99000.0,54120
HOLOCHIP CORP,Design and Analysis of Agile Optical-Zoom and Field-of-View Steering Systems for Small-Scale UAV Cameras,DOD,USAF,Phase I,SBIR,F073-075-1081,FA8650-08-M-1330,2008-01-28,2008-10-31,2007.3,2007.0,AF073-075,2008,99999.0,54121
HOLOCHIP CORP,LAMA: Localization and Mapping Artificial Intelligence Application,EPA,,Phase II,SBIR,B25P2-4A01,68HERC25C0004,2024-10-16,2026-10-17,68HERC24R0184,2025.0,4A,2025,400000.0,214938
HOLOCHIP CORP,Prescription Optical Visor for the M50 Air Purifying Respirator,DOD,CBD,Phase I,SBIR,C233-002-0102,W911SR-24-C-0028,2024-09-05,2025-03-05,23.3,2023.0,CBD233-002,2024,194282.68,209791
HOLOCHIP CORP,Multifocal Augmented Reality Visual Informatics System,NASA,,Phase I,SBIR,24Z2031005,80NSSC24PB331,2024-07-31,2025-02-06,SBIR-2024-Phase 1,2024.0,Z2,2024,149999.0,212358
HOLOCHIP CORP,Mixed-Reality Off-the-Visor Heads Up Display,DOD,ARMY,Phase I,SBIR,A244-011-0238,W51701-24-C-0185,2024-05-09,2024-11-28,24.4,2024.0,A244-011,2024,249999.74,209513
HOLOCHIP CORP,LAMA: Localization and Mapping Artificial Intelligence Application,EPA,,Phase I,SBIR,B244A-0010,68HERC24C0018,2023-12-01,2024-05-31,68HERC23R0249,2024.0,4A,2024,100000.0,208404
HOLOCHIP CORP,Reconfigurable Augmented Reality Display (RAD) for Close-Air Support,DOD,NAVY,Phase I,SBIR,N222-119-0388,N68335-23-C-0048,2022-11-07,2023-05-09,22.2,2022.0,N222-119,2023,146500.0,199732
HOLOCHIP CORP,Automatic Decision Aide,DOD,NAVY,Phase I,SBIR,N221-032-1155,N68335-22-C-0571,2022-07-25,2023-01-28,22.1,2022.0,N221-032,2022,146500.0,199568
HOLOCHIP CORP,Lightweight Marinized and Cybersecure Augmented Reality System,DOD,NAVY,Phase II,SBIR,N201-024-1223,N68335-21-C-0373,2021-05-13,2024-07-29,20.1,2020.0,N201-024,2021,1124996.0,192823
HOLOCHIP CORP,Tiled Near-Eye Light Field Display,DOD,NAVY,Phase II,SBIR,N192-087-0693,N68335-21-C-0260,2021-01-28,2024-04-24,19.2,2019.0,N192-087,2021,1124997.0,192712
HOLOCHIP CORP,Light-Weight Marinized and Cyber-Secure Augmented Reality System,DOD,NAVY,Phase I,SBIR,N201-024-1223,N68335-20-C-0417,2020-04-27,2021-07-29,00.1,,N201-024,2020,239996.0,184488
HOLOCHIP CORP,Tiled Near-Eye Light Field Display,DOD,NAVY,Phase I,SBIR,N192-087-0693,N68335-19-C-0703,2019-08-26,2020-02-26,19.2,2019.0,N192-087,2019,139995.0,178939
HOLOCHIP CORP,A Holographic and Light-field Processor for Extreme Multi-View Displays,DOD,NAVY,Phase II,SBIR,N171-076-1057,N68335-19-C-0212,2019-01-04,2020-01-07,17.1,2017.0,N171-076,2019,499999.0,179230
HOLOCHIP CORP,Variable Accommodation Head Mounted Display,DOD,NAVY,Phase II,SBIR,N121-041-0710a,N68335-18-C-0056,2017-12-22,2022-10-31,12.1,2012.0,N121-041,2018,1699997.0,173298
HOLOCHIP CORP,A Holographic and Light-field Processor for Extreme Multi-View Displays,DOD,NAVY,Phase I,SBIR,N171-076-1057,N00178-17-C-1101,2017-08-30,2019-02-15,2017.1,2017.0,N171-076,2017,224999.0,165807
HOLOCHIP CORP,Variable-Collimation Display System,DOD,NAVY,Phase II,SBIR,N121-041-0710,N68335-13-C-0231,2013-09-26,2016-11-30,2012.1,2013.0,N121-041,2013,999995.0,142339
HOLOCHIP CORP,Transmissive Wide-Angle High-Resolution and Compact Subaperture Imaging System,DOD,USAF,Phase II,STTR,F10B-T35-0205,FA8650-12-C-1472,2012-08-15,,2010.B,2010.0,AF10-BT35,2012,749992.0,134260
HOLOCHIP CORP,Dual-Mode Variable-Collimation and Real-Image Display,DOD,NAVY,Phase I,SBIR,N121-041-0710,N68335-12-C-0173,2012-04-05,,2012.1,2012.0,N121-041,2012,149996.0,137313
HOLOCHIP CORP,Transmissive Wide-Angle High-Resolution and Compact Subaperture Imaging System,DOD,USAF,Phase I,STTR,F10B-T35-0205,FA8650-11-M-1172,2011-04-29,,2010.B,2010.0,AF10-BT35,2011,99996.0,130384
HOLOCHIP CORP,A Large Field-of-View and High-Resolution Camera in a Small Form Factor,DOD,ARMY,Phase I,SBIR,A102-055-1630,W15QKN-11-C-0030,2010-12-28,2011-06-22,2010.2,2010.0,A10-055,2010,69998.0,2147
HOLOCHIP CORP,Micro-Actuated Optics for Wide Field-of-View (FOV) Imaging with Random-Access Optical Zoom Capability,DOD,DARPA,Phase II,SBIR,07SB2-0396,W31P4Q-09-C-0372,2009-09-14,2011-12-31,2007.2,2007.0,SB072-025,2009,749988.0,54123
HOLOCHIP CORP,A Full-Parallax High-brightness Large-Format Floating-Image Solid-State 3D Display,DOD,USAF,Phase I,SBIR,F083-019-1950,FA8650-09-M-6969,2009-04-20,2010-02-20,2008.3,2008.0,AF083-019,2009,100000.0,54122
HOLOCHIP CORP,Micro-Actuated Optics for Wide Field-of-View (FOV) Imaging with Random-Access Optical Zoom Capability,DOD,DARPA,Phase I,SBIR,07SB2-0396,W31P4Q-08-C-0237,2008-03-10,2008-10-29,2007.2,2007.0,SB072-025,2008,99000.0,54120
HOLOCHIP CORP,Design and Analysis of Agile Optical-Zoom and Field-of-View Steering Systems for Small-Scale UAV Cameras,DOD,USAF,Phase I,SBIR,F073-075-1081,FA8650-08-M-1330,2008-01-28,2008-10-31,2007.3,2007.0,AF073-075,2008,99999.0,54121
Material Reuse LLC,ID-REUSE,EPA,,Phase I,SBIR,B245C-0010,68HERC24C0028,2023-12-01,2024-05-31,68HERC23R0249,2024.0,5C,2024,99940.0,208411
Material Reuse LLC,ID-REUSE,EPA,,Phase I,SBIR,B245C-0010,68HERC24C0028,2023-12-01,2024-05-31,68HERC23R0249,2024.0,5C,2024,99940.0,208411
MIZAR THERAPEUTICS INC.,Mizar S/TAR High-Throughput Platform for Identification of Senescence Altering Therapeutics,NASA,,Phase I,SBIR,24H12081004,80NSSC24PB376,2024-08-05,2025-02-06,SBIR-2024-Phase 1,2024.0,H12,2024,155536.0,212229
Molecular Rebar Design,Reduction or Replacement of 6PPD through Improved Ozonation-related Crack Resistance with MOLECULAR REBAR,EPA,,Phase I,SBIR,B246A-0001,68HERC24C0030,2023-12-01,2024-05-31,68HERC23R0249,2024.0,6A,2024,99989.0,208413
Molecular Rebar Design,"Longer-lasting, More Energy Efficient Electric Vehicle Tires using Functionalized Carbon Nanotubes",DOE,,Phase II,SBIR,0000268197,DE-SC0021823,2022-08-22,2024-08-21,,2022.0,C52-17c,2022,1145261.0,196927
Molecular Rebar Design,Molecular Rebar Design's Discrete Multiwalled Carbon Nanotube HIV Therapy Technology,DOD,DHA,Phase II,SBIR,H2-0681,W81XWH22C0090,2022-08-19,2024-12-21,21.1,2021.0,DHA211-010,2022,1099933.0,199288
Molecular Rebar Design,Molecular Rebar Design's Discrete Multiwalled Carbon Nanotube HIV Therapy Technology,DOD,DHA,Phase I,SBIR,H211-010-0089,W81XWH21P0101,2021-07-26,2022-02-25,21.1,2021.0,DHA211-010,2021,240585.13,192098
Molecular Rebar Design,"Changing the Design Rules of Rubber to Create Lighter Weight, More Fuel Efficient Tires",DOE,,Phase I,SBIR,0000258152,DE-SC0021823,2021-06-28,2022-03-27,,2021.0,17c,2021,197359.0,188327
Molecular Rebar Design,Molecular Rebar Design ÃÂ¢ÃÂÃÂ The Revolutionary Potential of Disentangled Multi-Walled Carbon Nanotubes,DOD,USAF,Phase I,SBIR,FX203-CSO1-0314,FA8649-21-P-0294,2021-02-05,2021-05-03,X20.3,2020.0,AF203-CSO1,2021,48614.0,191212
Molecular Rebar Design,Reduction or Replacement of 6PPD through Improved Ozonation-related Crack Resistance with MOLECULAR REBAR,EPA,,Phase I,SBIR,B246A-0001,68HERC24C0030,2023-12-01,2024-05-31,68HERC23R0249,2024.0,6A,2024,99989.0,208413
Molecular Rebar Design,"Longer-lasting, More Energy Efficient Electric Vehicle Tires using Functionalized Carbon Nanotubes",DOE,,Phase II,SBIR,0000268197,DE-SC0021823,2022-08-22,2024-08-21,,2022.0,C52-17c,2022,1145261.0,196927
Molecular Rebar Design,Molecular Rebar Design's Discrete Multiwalled Carbon Nanotube HIV Therapy Technology,DOD,DHA,Phase II,SBIR,H2-0681,W81XWH22C0090,2022-08-19,2024-12-21,21.1,2021.0,DHA211-010,2022,1099933.0,199288
Molecular Rebar Design,Molecular Rebar Design's Discrete Multiwalled Carbon Nanotube HIV Therapy Technology,DOD,DHA,Phase I,SBIR,H211-010-0089,W81XWH21P0101,2021-07-26,2022-02-25,21.1,2021.0,DHA211-010,2021,240585.13,192098
Molecular Rebar Design,"Changing the Design Rules of Rubber to Create Lighter Weight, More Fuel Efficient Tires",DOE,,Phase I,SBIR,0000258152,DE-SC0021823,2021-06-28,2022-03-27,,2021.0,17c,2021,197359.0,188327
Molecular Rebar Design,Molecular Rebar Design ÃÂ¢ÃÂÃÂ The Revolutionary Potential of Disentangled Multi-Walled Carbon Nanotubes,DOD,USAF,Phase I,SBIR,FX203-CSO1-0314,FA8649-21-P-0294,2021-02-05,2021-05-03,X20.3,2020.0,AF203-CSO1,2021,48614.0,191212
VISIMO LLC,FloodWise: Autonomous Geotagging for Disaster Response,DOC,NOAA,Phase I,SBIR,3217602,NA24OARX021G0015,2024-08-01,2025-01-31,NOAA-OAR-TPO-2024-2008184,2024.0,9.4,2024,174747.0,207757
VISIMO LLC, High Temporal Resolution Forecasting Framework Supporting Carbon Capture,DOE,,Phase I,STTR,281592,DE-SC0025082,2024-07-22,2025-04-21,DE-FOA-0003202,2024.0,C58-23c,2024,256486.0,214679
VISIMO LLC,AI-Enhanced Maintenance Form Engine (AIM-FE),DOD,NAVY,Phase I,SBIR,N241-055-1447,N68335-24-C-0458,2024-07-15,2025-01-15,24.1,2024.0,N241-055,2024,139927.0,211469
VISIMO LLC,Autonomous Agent Cognitive Architecture for Spacecraft Operations,NASA,,Phase II,SBIR,231322,80NSSC24CA107,2024-06-25,2026-06-24,SBIR_23_P2,2023.0,H6,2024,899989.0,212075
VISIMO LLC,Visualization Toolkit for Nanoscale Imaging Data ,DOE,,Phase I,STTR,278356,DE-SC0024747,2024-02-12,2024-11-11,DE-FOA-0003110,2024.0,C57-09a,2024,206500.0,214451
VISIMO LLC,Ecological Risk Mitigation Tool for Forestry Operations,USDA,NIFA,Phase I,STTR,2024-00423,2024-00423,2024-01-29,2025-06-30,USDA-NIFA-SBIR-009962,2024.0,8.1,2024,181500.0,208543
VISIMO LLC,"Topic 4A - VISIMO, LLC: Mapping Indoor Environments Using Real-time Artificial Intelligence and Localization (MURAL)",EPA,,Phase I,SBIR,B244A-0021,68HERC24C0019,2023-12-01,2024-05-31,68HERC23R0249,2024.0,4A,2024,99799.0,208403
VISIMO LLC,Machine Learning Toolkit for Academic and Grey Literature Screening,EPA,,Phase II,SBIR,B24P2-6A01,68HERC24C0008,2023-10-19,2025-10-18,68HERC23R0188,2024.0,6A,2024,397332.0,208555
VISIMO LLC,Risk Management Tool to Increase Farm Safety,USDA,,Phase II,SBIR,2023-03924,2023-03924,2023-08-16,2025-08-31,USDA-NIFA-SBIR-009642,2023.0,8.12,2023,644705.0,202284
VISIMO LLC,Autonomous Agent Cognitive Architecture for Spacecraft Operations,NASA,,Phase I,SBIR,231322,80NSSC23PB622,2023-07-26,2024-02-02,SBIR_23_P1,2023.0,H6,2023,166248.0,204076
VISIMO LLC,AI/ML Data Management Software System for NSRCs,DOE,,Phase II,STTR,0000271273,DE-SC0022413,2023-04-03,2025-04-02,,2023.0,C53-15a,2023,1146472.0,204342
VISIMO LLC,Artificial Intelligence Legal Assistant (AILA),DOD,USAF,Phase II,SBIR,F2D-8033,FA8649-23-P-0469,2023-02-03,2024-05-10,X23.4,2023.0,AFX234-DCSO2,2023,990288.0,204474
VISIMO LLC,Machine Learning Toolkit for Grey Literature Screening,EPA,,Phase I,SBIR,B236A-0009,68HERC23C0033,2022-12-01,2023-05-31,68HERC22R0180,2023.0,6A,2023,99803.5,203817
VISIMO LLC,Verification and Validation Software for Autonomous UAS Certification,NASA,,Phase I,SBIR,221647,80NSSC22PB242,2022-07-21,2023-01-25,SBIR_22_P1,2022.0,A2,2022,166319.0,196338
VISIMO LLC,Risk Management Tool to Increase Farm Safety,USDA,,Phase I,SBIR,2022-00742,2022-00742,2022-04-18,2023-02-28,USDA-NIFA-SBIR-008541,2022.0,8.12,2022,123680.0,196043
VISIMO LLC,Project Aletheia: Detecting Adversarial Manipulation of Image Data,DOD,USAF,Phase II,STTR,FX21A-TCSO1-0185,FA8649-22-P-0708,2022-03-10,2023-06-12,X21.A,2021.0,AF21A-TCSO1,2022,747531.0,198669
VISIMO LLC,AI/ML Data Management Software System for NSRCs,DOE,,Phase I,STTR,0000263264,DE-SC0022413,2022-02-14,2023-02-13,DE-FOA-0002554,2022.0,C53-15a,2022,200000.0,197070
VISIMO LLC,Artificial Intelligence (AI) to Support Judge Advocates When Advising Use-of-Force Decisions,DOD,USAF,Phase I,STTR,FX21B-TCSO1-0206,FA864922P0077,2021-11-02,2022-02-02,X21.B,2021.0,AF21B-TCSO1,2022,49872.0,194897
VISIMO LLC,CGAN ISALD: Conditional Generative Adversarial Network for Infinite Synthetic Aerial Landscape Data,DOD,USAF,Phase II,STTR,FX20C-TCSO1-0395,FA8649-21-P-1505,2021-08-24,2022-11-24,X20.C,2020.0,AF20C-TCSO1,2021,745446.0,190982
VISIMO LLC,Project Aletheia: A Gamified Truth Disclosure Platform,DOD,USAF,Phase I,STTR,FX21A-TCSO1-0185,FA8649-21-P-1396,2021-04-09,2021-07-09,X21.A,2021.0,AF21A-TCSO1,2021,49821.0,191991
VISIMO LLC,Generative Adversarial Network (GAN) for Synthetic Data Generation,DOD,USAF,Phase I,STTR,FX20C-TCSO1-0395,FA8649-21-P-0650,2021-02-05,2021-05-08,X20.C,2020.0,AF20C-TCSO1,2021,49804.0,191594
VISIMO LLC,Artificial Intelligence (AI) Algorithms for Sense and Avoid Neural Network Architectures for Orbs and UAVs,DOD,USAF,Phase I,STTR,FX20D-TCSO1-0426,FA8649-21-P-0231,2020-11-23,2021-05-24,X20.D,2020.0,AFX20D-TCSO1,2021,137458.0,187284
VISIMO LLC,FloodWise: Autonomous Geotagging for Disaster Response,DOC,NOAA,Phase I,SBIR,3217602,NA24OARX021G0015,2024-08-01,2025-01-31,NOAA-OAR-TPO-2024-2008184,2024.0,9.4,2024,174747.0,207757
VISIMO LLC, High Temporal Resolution Forecasting Framework Supporting Carbon Capture,DOE,,Phase I,STTR,281592,DE-SC0025082,2024-07-22,2025-04-21,DE-FOA-0003202,2024.0,C58-23c,2024,256486.0,214679
VISIMO LLC,AI-Enhanced Maintenance Form Engine (AIM-FE),DOD,NAVY,Phase I,SBIR,N241-055-1447,N68335-24-C-0458,2024-07-15,2025-01-15,24.1,2024.0,N241-055,2024,139927.0,211469
VISIMO LLC,Autonomous Agent Cognitive Architecture for Spacecraft Operations,NASA,,Phase II,SBIR,231322,80NSSC24CA107,2024-06-25,2026-06-24,SBIR_23_P2,2023.0,H6,2024,899989.0,212075
VISIMO LLC,Visualization Toolkit for Nanoscale Imaging Data ,DOE,,Phase I,STTR,278356,DE-SC0024747,2024-02-12,2024-11-11,DE-FOA-0003110,2024.0,C57-09a,2024,206500.0,214451
VISIMO LLC,Ecological Risk Mitigation Tool for Forestry Operations,USDA,NIFA,Phase I,STTR,2024-00423,2024-00423,2024-01-29,2025-06-30,USDA-NIFA-SBIR-009962,2024.0,8.1,2024,181500.0,208543
VISIMO LLC,"Topic 4A - VISIMO, LLC: Mapping Indoor Environments Using Real-time Artificial Intelligence and Localization (MURAL)",EPA,,Phase I,SBIR,B244A-0021,68HERC24C0019,2023-12-01,2024-05-31,68HERC23R0249,2024.0,4A,2024,99799.0,208403
VISIMO LLC,Machine Learning Toolkit for Academic and Grey Literature Screening,EPA,,Phase II,SBIR,B24P2-6A01,68HERC24C0008,2023-10-19,2025-10-18,68HERC23R0188,2024.0,6A,2024,397332.0,208555
VISIMO LLC,Risk Management Tool to Increase Farm Safety,USDA,,Phase II,SBIR,2023-03924,2023-03924,2023-08-16,2025-08-31,USDA-NIFA-SBIR-009642,2023.0,8.12,2023,644705.0,202284
VISIMO LLC,Autonomous Agent Cognitive Architecture for Spacecraft Operations,NASA,,Phase I,SBIR,231322,80NSSC23PB622,2023-07-26,2024-02-02,SBIR_23_P1,2023.0,H6,2023,166248.0,204076
VISIMO LLC,AI/ML Data Management Software System for NSRCs,DOE,,Phase II,STTR,0000271273,DE-SC0022413,2023-04-03,2025-04-02,,2023.0,C53-15a,2023,1146472.0,204342
VISIMO LLC,Artificial Intelligence Legal Assistant (AILA),DOD,USAF,Phase II,SBIR,F2D-8033,FA8649-23-P-0469,2023-02-03,2024-05-10,X23.4,2023.0,AFX234-DCSO2,2023,990288.0,204474
VISIMO LLC,Machine Learning Toolkit for Grey Literature Screening,EPA,,Phase I,SBIR,B236A-0009,68HERC23C0033,2022-12-01,2023-05-31,68HERC22R0180,2023.0,6A,2023,99803.5,203817
VISIMO LLC,Verification and Validation Software for Autonomous UAS Certification,NASA,,Phase I,SBIR,221647,80NSSC22PB242,2022-07-21,2023-01-25,SBIR_22_P1,2022.0,A2,2022,166319.0,196338
VISIMO LLC,Risk Management Tool to Increase Farm Safety,USDA,,Phase I,SBIR,2022-00742,2022-00742,2022-04-18,2023-02-28,USDA-NIFA-SBIR-008541,2022.0,8.12,2022,123680.0,196043
VISIMO LLC,Project Aletheia: Detecting Adversarial Manipulation of Image Data,DOD,USAF,Phase II,STTR,FX21A-TCSO1-0185,FA8649-22-P-0708,2022-03-10,2023-06-12,X21.A,2021.0,AF21A-TCSO1,2022,747531.0,198669
VISIMO LLC,AI/ML Data Management Software System for NSRCs,DOE,,Phase I,STTR,0000263264,DE-SC0022413,2022-02-14,2023-02-13,DE-FOA-0002554,2022.0,C53-15a,2022,200000.0,197070
VISIMO LLC,Artificial Intelligence (AI) to Support Judge Advocates When Advising Use-of-Force Decisions,DOD,USAF,Phase I,STTR,FX21B-TCSO1-0206,FA864922P0077,2021-11-02,2022-02-02,X21.B,2021.0,AF21B-TCSO1,2022,49872.0,194897
VISIMO LLC,CGAN ISALD: Conditional Generative Adversarial Network for Infinite Synthetic Aerial Landscape Data,DOD,USAF,Phase II,STTR,FX20C-TCSO1-0395,FA8649-21-P-1505,2021-08-24,2022-11-24,X20.C,2020.0,AF20C-TCSO1,2021,745446.0,190982
VISIMO LLC,Project Aletheia: A Gamified Truth Disclosure Platform,DOD,USAF,Phase I,STTR,FX21A-TCSO1-0185,FA8649-21-P-1396,2021-04-09,2021-07-09,X21.A,2021.0,AF21A-TCSO1,2021,49821.0,191991
VISIMO LLC,Generative Adversarial Network (GAN) for Synthetic Data Generation,DOD,USAF,Phase I,STTR,FX20C-TCSO1-0395,FA8649-21-P-0650,2021-02-05,2021-05-08,X20.C,2020.0,AF20C-TCSO1,2021,49804.0,191594
VISIMO LLC,Artificial Intelligence (AI) Algorithms for Sense and Avoid Neural Network Architectures for Orbs and UAVs,DOD,USAF,Phase I,STTR,FX20D-TCSO1-0426,FA8649-21-P-0231,2020-11-23,2021-05-24,X20.D,2020.0,AFX20D-TCSO1,2021,137458.0,187284
VISIMO LLC,FloodWise: Autonomous Geotagging for Disaster Response,DOC,NOAA,Phase I,SBIR,3217602,NA24OARX021G0015,2024-08-01,2025-01-31,NOAA-OAR-TPO-2024-2008184,2024.0,9.4,2024,174747.0,207757
VISIMO LLC, High Temporal Resolution Forecasting Framework Supporting Carbon Capture,DOE,,Phase I,STTR,281592,DE-SC0025082,2024-07-22,2025-04-21,DE-FOA-0003202,2024.0,C58-23c,2024,256486.0,214679
VISIMO LLC,AI-Enhanced Maintenance Form Engine (AIM-FE),DOD,NAVY,Phase I,SBIR,N241-055-1447,N68335-24-C-0458,2024-07-15,2025-01-15,24.1,2024.0,N241-055,2024,139927.0,211469
VISIMO LLC,Autonomous Agent Cognitive Architecture for Spacecraft Operations,NASA,,Phase II,SBIR,231322,80NSSC24CA107,2024-06-25,2026-06-24,SBIR_23_P2,2023.0,H6,2024,899989.0,212075
VISIMO LLC,Visualization Toolkit for Nanoscale Imaging Data ,DOE,,Phase I,STTR,278356,DE-SC0024747,2024-02-12,2024-11-11,DE-FOA-0003110,2024.0,C57-09a,2024,206500.0,214451
VISIMO LLC,Ecological Risk Mitigation Tool for Forestry Operations,USDA,NIFA,Phase I,STTR,2024-00423,2024-00423,2024-01-29,2025-06-30,USDA-NIFA-SBIR-009962,2024.0,8.1,2024,181500.0,208543
VISIMO LLC,"Topic 4A - VISIMO, LLC: Mapping Indoor Environments Using Real-time Artificial Intelligence and Localization (MURAL)",EPA,,Phase I,SBIR,B244A-0021,68HERC24C0019,2023-12-01,2024-05-31,68HERC23R0249,2024.0,4A,2024,99799.0,208403
VISIMO LLC,Machine Learning Toolkit for Academic and Grey Literature Screening,EPA,,Phase II,SBIR,B24P2-6A01,68HERC24C0008,2023-10-19,2025-10-18,68HERC23R0188,2024.0,6A,2024,397332.0,208555
VISIMO LLC,Risk Management Tool to Increase Farm Safety,USDA,,Phase II,SBIR,2023-03924,2023-03924,2023-08-16,2025-08-31,USDA-NIFA-SBIR-009642,2023.0,8.12,2023,644705.0,202284
VISIMO LLC,Autonomous Agent Cognitive Architecture for Spacecraft Operations,NASA,,Phase I,SBIR,231322,80NSSC23PB622,2023-07-26,2024-02-02,SBIR_23_P1,2023.0,H6,2023,166248.0,204076
VISIMO LLC,AI/ML Data Management Software System for NSRCs,DOE,,Phase II,STTR,0000271273,DE-SC0022413,2023-04-03,2025-04-02,,2023.0,C53-15a,2023,1146472.0,204342
VISIMO LLC,Artificial Intelligence Legal Assistant (AILA),DOD,USAF,Phase II,SBIR,F2D-8033,FA8649-23-P-0469,2023-02-03,2024-05-10,X23.4,2023.0,AFX234-DCSO2,2023,990288.0,204474
VISIMO LLC,Machine Learning Toolkit for Grey Literature Screening,EPA,,Phase I,SBIR,B236A-0009,68HERC23C0033,2022-12-01,2023-05-31,68HERC22R0180,2023.0,6A,2023,99803.5,203817
VISIMO LLC,Verification and Validation Software for Autonomous UAS Certification,NASA,,Phase I,SBIR,221647,80NSSC22PB242,2022-07-21,2023-01-25,SBIR_22_P1,2022.0,A2,2022,166319.0,196338
VISIMO LLC,Risk Management Tool to Increase Farm Safety,USDA,,Phase I,SBIR,2022-00742,2022-00742,2022-04-18,2023-02-28,USDA-NIFA-SBIR-008541,2022.0,8.12,2022,123680.0,196043
VISIMO LLC,Project Aletheia: Detecting Adversarial Manipulation of Image Data,DOD,USAF,Phase II,STTR,FX21A-TCSO1-0185,FA8649-22-P-0708,2022-03-10,2023-06-12,X21.A,2021.0,AF21A-TCSO1,2022,747531.0,198669
VISIMO LLC,AI/ML Data Management Software System for NSRCs,DOE,,Phase I,STTR,0000263264,DE-SC0022413,2022-02-14,2023-02-13,DE-FOA-0002554,2022.0,C53-15a,2022,200000.0,197070
VISIMO LLC,Artificial Intelligence (AI) to Support Judge Advocates When Advising Use-of-Force Decisions,DOD,USAF,Phase I,STTR,FX21B-TCSO1-0206,FA864922P0077,2021-11-02,2022-02-02,X21.B,2021.0,AF21B-TCSO1,2022,49872.0,194897
VISIMO LLC,CGAN ISALD: Conditional Generative Adversarial Network for Infinite Synthetic Aerial Landscape Data,DOD,USAF,Phase II,STTR,FX20C-TCSO1-0395,FA8649-21-P-1505,2021-08-24,2022-11-24,X20.C,2020.0,AF20C-TCSO1,2021,745446.0,190982
VISIMO LLC,Project Aletheia: A Gamified Truth Disclosure Platform,DOD,USAF,Phase I,STTR,FX21A-TCSO1-0185,FA8649-21-P-1396,2021-04-09,2021-07-09,X21.A,2021.0,AF21A-TCSO1,2021,49821.0,191991
VISIMO LLC,Generative Adversarial Network (GAN) for Synthetic Data Generation,DOD,USAF,Phase I,STTR,FX20C-TCSO1-0395,FA8649-21-P-0650,2021-02-05,2021-05-08,X20.C,2020.0,AF20C-TCSO1,2021,49804.0,191594
VISIMO LLC,Artificial Intelligence (AI) Algorithms for Sense and Avoid Neural Network Architectures for Orbs and UAVs,DOD,USAF,Phase I,STTR,FX20D-TCSO1-0426,FA8649-21-P-0231,2020-11-23,2021-05-24,X20.D,2020.0,AFX20D-TCSO1,2021,137458.0,187284
SAFETYSPECT INC,Real-time red meat freshness assessment using multi-mode spectroscopy and fusion-based machine learning,EPA,,Phase I,SBIR,B245A-0005,68HERC24C0021,2023-12-01,2024-05-31,68HERC23R0249,2024.0,5A,2024,99093.0,208395
SAFETYSPECT INC,Contamination Inspection and Disinfection for Cleanliness Management in Long-Term Care Facilities,HHS,NIH,Phase I,SBIR,R43AG073035,1R43AG073035-01A1,2022-09-15,2023-08-31,PAR22-073,2021.0,NIA,2022,312548.0,200383
SAFETYSPECT INC,Rapid detection of fish species and quality in the marketplace,DOC,NOAA,Phase II,SBIR,2953271,NA21OAR0210305,2021-07-01,2023-06-30,NOAA-OAR-OAR-TPO-2021-2006739,2021.0,9.2.05,2021,499826.0,190016
SAFETYSPECT INC,COVID-19 Rapid Response: INSPECTION AND DISINFECTION SYSTEM FOR MANAGEMENT OF COVID-19 IMPACT ON FOOD FACILITIES,USDA,,Phase I,SBIR,2020-06082,2020-06082,2020-08-28,2021-04-30,USDA-NIFA-SBIR-007374,2020.0,8.5,2020,99936.0,182397
SAFETYSPECT INC,Rapid detection of fish species and quality in the marketplace,DOC,NOAA,Phase I,SBIR,2859206,NA20OAR0210327,2020-07-01,2020-12-31,,2020.0,9.2.05,2020,149264.0,182438
SAFETYSPECT INC,Real-time red meat freshness assessment using multi-mode spectroscopy and fusion-based machine learning,EPA,,Phase I,SBIR,B245A-0005,68HERC24C0021,2023-12-01,2024-05-31,68HERC23R0249,2024.0,5A,2024,99093.0,208395
SAFETYSPECT INC,Contamination Inspection and Disinfection for Cleanliness Management in Long-Term Care Facilities,HHS,NIH,Phase I,SBIR,R43AG073035,1R43AG073035-01A1,2022-09-15,2023-08-31,PAR22-073,2021.0,NIA,2022,312548.0,200383
SAFETYSPECT INC,Rapid detection of fish species and quality in the marketplace,DOC,NOAA,Phase II,SBIR,2953271,NA21OAR0210305,2021-07-01,2023-06-30,NOAA-OAR-OAR-TPO-2021-2006739,2021.0,9.2.05,2021,499826.0,190016
SAFETYSPECT INC,COVID-19 Rapid Response: INSPECTION AND DISINFECTION SYSTEM FOR MANAGEMENT OF COVID-19 IMPACT ON FOOD FACILITIES,USDA,,Phase I,SBIR,2020-06082,2020-06082,2020-08-28,2021-04-30,USDA-NIFA-SBIR-007374,2020.0,8.5,2020,99936.0,182397
SAFETYSPECT INC,Rapid detection of fish species and quality in the marketplace,DOC,NOAA,Phase I,SBIR,2859206,NA20OAR0210327,2020-07-01,2020-12-31,,2020.0,9.2.05,2020,149264.0,182438
SAFETYSPECT INC,Real-time red meat freshness assessment using multi-mode spectroscopy and fusion-based machine learning,EPA,,Phase I,SBIR,B245A-0005,68HERC24C0021,2023-12-01,2024-05-31,68HERC23R0249,2024.0,5A,2024,99093.0,208395
SAFETYSPECT INC,Contamination Inspection and Disinfection for Cleanliness Management in Long-Term Care Facilities,HHS,NIH,Phase I,SBIR,R43AG073035,1R43AG073035-01A1,2022-09-15,2023-08-31,PAR22-073,2021.0,NIA,2022,312548.0,200383
SAFETYSPECT INC,Rapid detection of fish species and quality in the marketplace,DOC,NOAA,Phase II,SBIR,2953271,NA21OAR0210305,2021-07-01,2023-06-30,NOAA-OAR-OAR-TPO-2021-2006739,2021.0,9.2.05,2021,499826.0,190016
SAFETYSPECT INC,COVID-19 Rapid Response: INSPECTION AND DISINFECTION SYSTEM FOR MANAGEMENT OF COVID-19 IMPACT ON FOOD FACILITIES,USDA,,Phase I,SBIR,2020-06082,2020-06082,2020-08-28,2021-04-30,USDA-NIFA-SBIR-007374,2020.0,8.5,2020,99936.0,182397
SAFETYSPECT INC,Rapid detection of fish species and quality in the marketplace,DOC,NOAA,Phase I,SBIR,2859206,NA20OAR0210327,2020-07-01,2020-12-31,,2020.0,9.2.05,2020,149264.0,182438
SAFETYSPECT INC,Real-time red meat freshness assessment using multi-mode spectroscopy and fusion-based machine learning,EPA,,Phase I,SBIR,B245A-0005,68HERC24C0021,2023-12-01,2024-05-31,68HERC23R0249,2024.0,5A,2024,99093.0,208395
SAFETYSPECT INC,Contamination Inspection and Disinfection for Cleanliness Management in Long-Term Care Facilities,HHS,NIH,Phase I,SBIR,R43AG073035,1R43AG073035-01A1,2022-09-15,2023-08-31,PAR22-073,2021.0,NIA,2022,312548.0,200383
SAFETYSPECT INC,Rapid detection of fish species and quality in the marketplace,DOC,NOAA,Phase II,SBIR,2953271,NA21OAR0210305,2021-07-01,2023-06-30,NOAA-OAR-OAR-TPO-2021-2006739,2021.0,9.2.05,2021,499826.0,190016
SAFETYSPECT INC,COVID-19 Rapid Response: INSPECTION AND DISINFECTION SYSTEM FOR MANAGEMENT OF COVID-19 IMPACT ON FOOD FACILITIES,USDA,,Phase I,SBIR,2020-06082,2020-06082,2020-08-28,2021-04-30,USDA-NIFA-SBIR-007374,2020.0,8.5,2020,99936.0,182397
SAFETYSPECT INC,Rapid detection of fish species and quality in the marketplace,DOC,NOAA,Phase I,SBIR,2859206,NA20OAR0210327,2020-07-01,2020-12-31,,2020.0,9.2.05,2020,149264.0,182438
SAFETYSPECT INC,Real-time red meat freshness assessment using multi-mode spectroscopy and fusion-based machine learning,EPA,,Phase I,SBIR,B245A-0005,68HERC24C0021,2023-12-01,2024-05-31,68HERC23R0249,2024.0,5A,2024,99093.0,208395
SAFETYSPECT INC,Contamination Inspection and Disinfection for Cleanliness Management in Long-Term Care Facilities,HHS,NIH,Phase I,SBIR,R43AG073035,1R43AG073035-01A1,2022-09-15,2023-08-31,PAR22-073,2021.0,NIA,2022,312548.0,200383
SAFETYSPECT INC,Rapid detection of fish species and quality in the marketplace,DOC,NOAA,Phase II,SBIR,2953271,NA21OAR0210305,2021-07-01,2023-06-30,NOAA-OAR-OAR-TPO-2021-2006739,2021.0,9.2.05,2021,499826.0,190016
SAFETYSPECT INC,COVID-19 Rapid Response: INSPECTION AND DISINFECTION SYSTEM FOR MANAGEMENT OF COVID-19 IMPACT ON FOOD FACILITIES,USDA,,Phase I,SBIR,2020-06082,2020-06082,2020-08-28,2021-04-30,USDA-NIFA-SBIR-007374,2020.0,8.5,2020,99936.0,182397
SAFETYSPECT INC,Rapid detection of fish species and quality in the marketplace,DOC,NOAA,Phase I,SBIR,2859206,NA20OAR0210327,2020-07-01,2020-12-31,,2020.0,9.2.05,2020,149264.0,182438
"IM Technologies, LLC",Degradation of Per-and Polyfluoroalkyl Substances (PFAS) from Water Using Thermal Plasma Arc Discharge,EPA,,Phase I,SBIR,B241B-0022,68HERC24C0011,2023-12-01,2024-05-31,68HERC23R0249,2024.0,1B,2024,100000.0,208410
"IM Technologies, LLC",SBIR Phase I:Rare Earth Element Extraction from End-of-Life Fluorescent Light Bulb Powder,NSF,,Phase I,SBIR,2126763,2126763,2022-04-01,2023-03-31,NSF 21-562,2021.0,CT,2022,255999.0,197217
"IM Technologies, LLC",Degradation of Per-and Polyfluoroalkyl Substances (PFAS) from Water Using Thermal Plasma Arc Discharge,EPA,,Phase I,SBIR,B241B-0022,68HERC24C0011,2023-12-01,2024-05-31,68HERC23R0249,2024.0,1B,2024,100000.0,208410
"IM Technologies, LLC",SBIR Phase I:Rare Earth Element Extraction from End-of-Life Fluorescent Light Bulb Powder,NSF,,Phase I,SBIR,2126763,2126763,2022-04-01,2023-03-31,NSF 21-562,2021.0,CT,2022,255999.0,197217
TELOHEALTHDX LLC,Single telomere length analysis using DNA array and FISH: a low-cost and accurate test for telomere-associated diseases,HHS,NIH,Phase I,STTR,R41AG085701,1R41AG085701-01,2024-09-25,2025-08-31,PA22-178,2022.0,R,2024,448961.0,212837
Sorbenta Inc,Novel sorbents for removal of PFAS from water,HHS,NIH,Phase I,STTR,R41ES036472,1R41ES036472-01,2024-07-13,2025-06-30,PA23-232,2023.0,113,2024,295923.0,212935
Sorbenta Inc,Novel sorbents for removal of PFAS from water,HHS,NIH,Phase I,STTR,R41ES036472,1R41ES036472-01,2024-07-13,2025-06-30,PA23-232,2023.0,113,2024,295923.0,212935
Sorbenta Inc,Novel sorbents for removal of PFAS from water,HHS,NIH,Phase I,STTR,R41ES036472,1R41ES036472-01,2024-07-13,2025-06-30,PA23-232,2023.0,113,2024,295923.0,212935
"Predictive, LLC",Development of a web-based platform implementing novel Predictor of Toxicity for Medical Devices (PredTox/MD),HHS,NIH,Phase II,SBIR,R44ES032371,2R44ES032371-02A1,2024-01-25,2025-12-31,PA22-176,2022.0,NIEHS,2024,898248.0,213719
"Predictive, LLC",Artificial Intelligence Toolkit for Predicting Mixture Toxicity,HHS,NIH,Phase I,STTR,R41ES033857,1R41ES033857-01,2021-12-20,2022-11-30,ES21-003,2021.0,R,2022,255538.0,197696
"Predictive, LLC",STopTox: A comprehensive in silico platform for predicting systemic and topical toxicity,HHS,NIH,Phase I,STTR,R41ES033589,1R41ES033589-01,2021-08-13,2022-07-31,PA20-265,2020.0,NIEHS,2021,255537.0,193783
"Predictive, LLC",Development of a web-based platform implementing novel Predictor of Skin Sensitization for Medical Devices (PreSS/MD),HHS,NIH,Phase I,SBIR,R43ES032371,1R43ES032371-01,2020-09-09,2021-08-31,PA19-272,2019.0,R,2020,167910.0,183260
"Predictive, LLC",SBIR 136 - PREDICTIVE: Knowledge Graphs for Infectious Diseases,HHS,NIH,Phase I,SBIR,75N93024C00038-0-9999-0,75N93024C00038,,,PHS-2024-1,2024.0,136,2024,298262.0,214725
"Predictive, LLC",Development of a web-based platform implementing novel Predictor of Toxicity for Medical Devices (PredTox/MD),HHS,NIH,Phase II,SBIR,R44ES032371,2R44ES032371-02A1,2024-01-25,2025-12-31,PA22-176,2022.0,NIEHS,2024,898248.0,213719
"Predictive, LLC",Artificial Intelligence Toolkit for Predicting Mixture Toxicity,HHS,NIH,Phase I,STTR,R41ES033857,1R41ES033857-01,2021-12-20,2022-11-30,ES21-003,2021.0,R,2022,255538.0,197696
"Predictive, LLC",STopTox: A comprehensive in silico platform for predicting systemic and topical toxicity,HHS,NIH,Phase I,STTR,R41ES033589,1R41ES033589-01,2021-08-13,2022-07-31,PA20-265,2020.0,NIEHS,2021,255537.0,193783
"Predictive, LLC",Development of a web-based platform implementing novel Predictor of Skin Sensitization for Medical Devices (PreSS/MD),HHS,NIH,Phase I,SBIR,R43ES032371,1R43ES032371-01,2020-09-09,2021-08-31,PA19-272,2019.0,R,2020,167910.0,183260
"Predictive, LLC",SBIR 136 - PREDICTIVE: Knowledge Graphs for Infectious Diseases,HHS,NIH,Phase I,SBIR,75N93024C00038-0-9999-0,75N93024C00038,,,PHS-2024-1,2024.0,136,2024,298262.0,214725
AXNANO LLC,Reclaiming Beneficial Biosolids : A PFAS Removal and Destruction Approach,EPA,,Phase I,SBIR,B251B-0002,68HERC25C0011,2024-12-16,2025-06-15,68HERC24R0185,2025.0,1B,2025,100000.0,214929
AXNANO LLC,Mobile System for the Responsible Treatment ofĀArmy Waste Streams,DOD,ARMY,Phase II,SBIR,A2D-1359,W51701-24-C-0168,2024-07-18,2026-01-05,23.4,2023.0,A234-P015,2024,1899717.07,209640
AXNANO LLC,A Mobile Water Purification System for Improving Army's Water Stewardship,DOD,ARMY,Phase I,SBIR,A234-P014-1063,W51701-23-C-0236,2023-09-07,2024-03-15,23.4,2023.0,A234-P014,2023,249886.22,207149
AXNANO LLC,"Sustainable, Non-Incineration-based Destruction of Air Force Hazardous Waste Stockpiles",DOD,USAF,Phase II,SBIR,FX224-OCSO1-0896,FA8649-23-P-1125,2023-07-21,2025-04-21,X22.4,2022.0,X224-OCSO1,2023,1236627.0,205843
AXNANO LLC,mSCWO For On-Site Complete Destruction Of Air Force Hazardous Waste Stockpiles,DOD,USAF,Phase I,SBIR,FX224-OCSO1-0896,FA8649-23-P-0100,2022-11-04,2023-02-04,X22.4,2022.0,X224-OCSO1,2023,74943.0,204781
AXNANO LLC,Mobile PFAS Effluent Treatment System (PETS) for management of Air Force wastes,DOD,USAF,Phase I,SBIR,FX224-OCSO1-1101,FA8649-23-P-0219,2022-11-03,2023-02-04,X22.4,2022.0,X224-OCSO1,2023,74983.0,204874
AXNANO LLC,Reactive Bimetallic-Carbon Media For Destruction Of PFAS-Containing AFFF Wastes,DOD,USAF,Phase II,SBIR,FX203-CSO1-0925,FA864922P0013,2021-10-18,2023-01-18,X20.3,2020.0,AF203-CSO1,2022,749368.0,194959
AXNANO LLC,Development of a Smart PFAS-Collector for High-Throughput PFAS Detection,HHS,NIH,Phase I,SBIR,R43ES033585,1R43ES033585-01,2021-09-01,2022-08-31,PA20-260,2020.0,NIEHS,2021,168087.0,193974
AXNANO LLC,Reactive Bimetallic-Carbon Media for Destruction of PFAS-containing Aqueous Fire Fighting Foam Stockpiles,DOD,USAF,Phase I,SBIR,FX203-CSO1-0925,FA8649-21-P-0368,2021-02-05,2021-05-03,X20.3,2020.0,AF203-CSO1,2021,49999.22,191275
AXNANO LLC,Hydraulic Fracturing of Controlled Release Oxidants for Remediation of Low Permeability Zones,HHS,NIH,Phase II,SBIR,R44ES031461,4R44ES031461-02,2020-09-09,2022-08-31,PA18-574,2018.0,143,2020,940181.0,183710
AXNANO LLC,Hydraulic Fracturing of Controlled Release Oxidants for Remediation of Low Permeability Zones,HHS,NIH,Phase I,SBIR,R44ES031461,1R44ES031461-01,2019-09-17,2020-08-31,PA18-574,2018.0,143,2019,124641.0,176675
AXNANO LLC,SBIR Phase II: Effective Treatment of Groundwater Pollution Using a System Utilizing Controlled Release Polymer Materials,NSF,,Phase II,SBIR,1758621,1758621,2018-03-01,2020-02-29,,2016.0,CT,2018,728849.0,167587
AXNANO LLC,Bimetallic Zero Valent Iron Composites for In Situ Remediation,DOC,NIST,Phase II,SBIR,070-05-01 (PII),70NANB17H231,2017-08-31,2019-08-30,2017-NIST-SBIR-02,2017.0,,2017,299994.0,162560
AXNANO LLC,Controlled Release Polymer Structures for In Situ Chemical Oxidation of Contaminated Groundwater,HHS,NIH,Phase I,STTR,R41ES026916,1R41ES026916-01,2016-09-30,2018-03-29,PA16-414,2016.0,NIEHS,2016,274617.0,158112
AXNANO LLC,"Bimetallic Zero Valent Iron-Carbon Composites for In Situ Remediation: Improving Particle Lifetime, Reactivity and Transport",DOC,NIST,Phase I,SBIR,070.05.01 (2016),70NANB16H185,2016-08-01,2017-01-31,2016-NIST-SBIR-01,2016.0,9.05.01,2016,99275.0,157218
AXNANO LLC,STTR Phase I: Effective Treatment of Groundwater Pollution Using a System Utilizing Controlled Release Polymer Materials,NSF,,Phase I,STTR,1622866,1622866,2016-07-01,2017-06-30,,2015.0,CT,2016,224934.0,157831
AXNANO LLC,Lightweight Structures Utilizing CNFs,NASA,,Phase I,STTR,140056,NNX14CL87P,2014-06-20,2014-12-19,,2014.0,T10.01,2014,124905.0,147461
MIZAR THERAPEUTICS INC.,Mizar S/TAR High-Throughput Platform for Identification of Senescence Altering Therapeutics,NASA,,Phase I,SBIR,24H12081004,80NSSC24PB376,2024-08-05,2025-02-06,SBIR-2024-Phase 1,2024.0,H12,2024,155536.0,212229
ACCUNOVO BIOTECHNOLOGIES INC,Theranostic NTSR1-targeting Agents for Complementary Management of PSMA-negative Prostate Cancer,HHS,NIH,Phase I,SBIR,R43CA261503,1R43CA261503-01A1,2022-04-05,2023-03-31,PA21-259,2021.0,NCI,2022,376447.0,200505
ACCUNOVO BIOTECHNOLOGIES INC,Theranostic NTSR1-targeting Agents for Complementary Management of PSMA-negative Prostate Cancer,HHS,NIH,Phase I,SBIR,R43CA261503,1R43CA261503-01A1,2022-04-05,2023-03-31,PA21-259,2021.0,NCI,2022,376447.0,200505
"CurieDx, Inc",SBIR Phase I:Development of a Machine Learning System to Identify Streptococcal Pharyngitis with a Smartphone Image,NSF,,Phase I,SBIR,2304268,2304268,2023-06-01,2024-05-31,NSF 22-551,2022.0,DH,2023,275000.0,201598
"CurieDx, Inc",SBIR Phase I:Development of a Machine Learning System to Identify Streptococcal Pharyngitis with a Smartphone Image,NSF,,Phase I,SBIR,2304268,2304268,2023-06-01,2024-05-31,NSF 22-551,2022.0,DH,2023,275000.0,201598
"Prompt Diagnostics, Inc.",SBIR Phase I:Hybrid DNA-protein quantification platform for point-of-care diagnosis of syphilis and human immunodeficiency viruses (HIV),NSF,,Phase I,SBIR,2232930,2232930,2023-02-01,2024-07-31,NSF 22-551,2022.0,BM,2023,255667.0,201618
"Prompt Diagnostics, Inc.",Portable magnetofluidic platform for rapid multiplexed detection of sexually transmitted infections,HHS,NIH,Phase I,SBIR,R43AI170336,1R43AI170336-01A1,2022-08-10,2023-01-31,PA21-259,2021.0,NIAID,2022,258558.0,200812
"Prompt Diagnostics, Inc.","Magnetofluidic Platform for Rapid, Portable, Point-of-Care C. auris Diagnostics",HHS,CDC,Phase I,SBIR,75D30122P14799,75D30122P14799,,,PHS 2022-1,2021.0,28,2022,243179.0,197934
"LIFEGENE- BIOMARKS, INC",Precision screening in self-collected samples to reduce cervical cancer disparities among Latinas,HHS,NIH,Phase I,STTR,R42MD018231,1R42MD018231-01,2024-06-01,2024-11-30,MD22-003,2022.0,102,2024,275767.0,212830
"LIFEGENE- BIOMARKS, INC",Precision DNA methylation test to reduce oral cancer disparities in African Americans patients residing in low-resource settings,HHS,NIH,Phase I,SBIR,R44CA281719,1R44CA281719-01,2023-09-20,2024-02-29,PA22-176,2022.0,102,2023,292486.0,203332
"LIFEGENE- BIOMARKS, INC",Precision methylation biomarkers for cervical cancer prevention in low resource settings in Latin America,HHS,NIH,Phase II,SBIR,R44CA254690,4R44CA254690-02,2022-06-01,2024-05-31,PA20-260,2020.0,102,2022,2000000.0,201045
"LIFEGENE- BIOMARKS, INC",Precision methylation biomarkers for cervical cancer prevention in low resource settings in Latin America,HHS,NIH,Phase I,SBIR,R44CA254690,1R44CA254690-01A1,2021-09-15,2022-02-28,PA20-260,2020.0,102,2021,399998.0,193492
"LIFEGENE- BIOMARKS, INC",Precision methylation biomarkers linked to cancer disparities,HHS,NIH,Phase II,SBIR,R44MD014911,4R44MD014911-02,2020-06-01,2022-05-31,MD19-001,2019.0,102,2020,1536275.0,183167
"LIFEGENE- BIOMARKS, INC",Precision methylation biomarkers linked to cancer disparities,HHS,NIH,Phase I,SBIR,R44MD014911,1R44MD014911-01,2019-09-24,2020-06-30,MD19-001,2019.0,102,2019,206042.0,176697
"LIFEGENE- BIOMARKS, INC",Precision screening in self-collected samples to reduce cervical cancer disparities among Latinas,HHS,NIH,Phase I,STTR,R42MD018231,1R42MD018231-01,2024-06-01,2024-11-30,MD22-003,2022.0,102,2024,275767.0,212830
"LIFEGENE- BIOMARKS, INC",Precision DNA methylation test to reduce oral cancer disparities in African Americans patients residing in low-resource settings,HHS,NIH,Phase I,SBIR,R44CA281719,1R44CA281719-01,2023-09-20,2024-02-29,PA22-176,2022.0,102,2023,292486.0,203332
"LIFEGENE- BIOMARKS, INC",Precision methylation biomarkers for cervical cancer prevention in low resource settings in Latin America,HHS,NIH,Phase II,SBIR,R44CA254690,4R44CA254690-02,2022-06-01,2024-05-31,PA20-260,2020.0,102,2022,2000000.0,201045
"LIFEGENE- BIOMARKS, INC",Precision methylation biomarkers for cervical cancer prevention in low resource settings in Latin America,HHS,NIH,Phase I,SBIR,R44CA254690,1R44CA254690-01A1,2021-09-15,2022-02-28,PA20-260,2020.0,102,2021,399998.0,193492
"LIFEGENE- BIOMARKS, INC",Precision methylation biomarkers linked to cancer disparities,HHS,NIH,Phase II,SBIR,R44MD014911,4R44MD014911-02,2020-06-01,2022-05-31,MD19-001,2019.0,102,2020,1536275.0,183167
"LIFEGENE- BIOMARKS, INC",Precision methylation biomarkers linked to cancer disparities,HHS,NIH,Phase I,SBIR,R44MD014911,1R44MD014911-01,2019-09-24,2020-06-30,MD19-001,2019.0,102,2019,206042.0,176697
"LIFEGENE- BIOMARKS, INC",Precision screening in self-collected samples to reduce cervical cancer disparities among Latinas,HHS,NIH,Phase I,STTR,R42MD018231,1R42MD018231-01,2024-06-01,2024-11-30,MD22-003,2022.0,102,2024,275767.0,212830
"LIFEGENE- BIOMARKS, INC",Precision DNA methylation test to reduce oral cancer disparities in African Americans patients residing in low-resource settings,HHS,NIH,Phase I,SBIR,R44CA281719,1R44CA281719-01,2023-09-20,2024-02-29,PA22-176,2022.0,102,2023,292486.0,203332
"LIFEGENE- BIOMARKS, INC",Precision methylation biomarkers for cervical cancer prevention in low resource settings in Latin America,HHS,NIH,Phase II,SBIR,R44CA254690,4R44CA254690-02,2022-06-01,2024-05-31,PA20-260,2020.0,102,2022,2000000.0,201045
"LIFEGENE- BIOMARKS, INC",Precision methylation biomarkers for cervical cancer prevention in low resource settings in Latin America,HHS,NIH,Phase I,SBIR,R44CA254690,1R44CA254690-01A1,2021-09-15,2022-02-28,PA20-260,2020.0,102,2021,399998.0,193492
"LIFEGENE- BIOMARKS, INC",Precision methylation biomarkers linked to cancer disparities,HHS,NIH,Phase II,SBIR,R44MD014911,4R44MD014911-02,2020-06-01,2022-05-31,MD19-001,2019.0,102,2020,1536275.0,183167
"LIFEGENE- BIOMARKS, INC",Precision methylation biomarkers linked to cancer disparities,HHS,NIH,Phase I,SBIR,R44MD014911,1R44MD014911-01,2019-09-24,2020-06-30,MD19-001,2019.0,102,2019,206042.0,176697
"Nanocrine, Inc.","SBIR Phase I: Rapid, pre-symptomatic detection of COVID-19 and unknown viruses using a novel biosensor chip, computer vision and machine learning.",NSF,,Phase I,SBIR,2033921,2033921,2020-08-01,2021-01-31,,2020.0,BM,2020,248706.0,178114
"MELATECH, L.L.C.",Melanin composites for radiation hardening and thermal management,NASA,,Phase I,SBIR,24S13031007,80NSSC24PB371,2024-07-23,2025-02-06,SBIR-2024-Phase 1,2024.0,S13,2024,150000.0,212271
"MELATECH, L.L.C.",Large-scale production of fungal melanin for novel radiation shielding/harvesting applications,DOD,ARMY,Phase II,STTR,A2-9003,W911SR-22-C-0017,2022-03-28,2024-03-27,19.B,2019.0,A19B-T010,2022,1099999.0,195464
"MELATECH, L.L.C.",Large-scale production of fungal melanin for novel radiation shielding/harvesting applications,DOD,ARMY,Phase I,STTR,A19B-010-0056,W911SR-20-C-0032,2020-06-08,2021-04-30,19.B,2019.0,A19B-T010,2020,166500.0,185272
"MELATECH, L.L.C.",Melanin composites for radiation hardening and thermal management,NASA,,Phase I,SBIR,24S13031007,80NSSC24PB371,2024-07-23,2025-02-06,SBIR-2024-Phase 1,2024.0,S13,2024,150000.0,212271
"MELATECH, L.L.C.",Large-scale production of fungal melanin for novel radiation shielding/harvesting applications,DOD,ARMY,Phase II,STTR,A2-9003,W911SR-22-C-0017,2022-03-28,2024-03-27,19.B,2019.0,A19B-T010,2022,1099999.0,195464
"MELATECH, L.L.C.",Large-scale production of fungal melanin for novel radiation shielding/harvesting applications,DOD,ARMY,Phase I,STTR,A19B-010-0056,W911SR-20-C-0032,2020-06-08,2021-04-30,19.B,2019.0,A19B-T010,2020,166500.0,185272
AXNANO LLC,Reclaiming Beneficial Biosolids : A PFAS Removal and Destruction Approach,EPA,,Phase I,SBIR,B251B-0002,68HERC25C0011,2024-12-16,2025-06-15,68HERC24R0185,2025.0,1B,2025,100000.0,214929
AXNANO LLC,Mobile System for the Responsible Treatment ofĀArmy Waste Streams,DOD,ARMY,Phase II,SBIR,A2D-1359,W51701-24-C-0168,2024-07-18,2026-01-05,23.4,2023.0,A234-P015,2024,1899717.07,209640
AXNANO LLC,A Mobile Water Purification System for Improving Army's Water Stewardship,DOD,ARMY,Phase I,SBIR,A234-P014-1063,W51701-23-C-0236,2023-09-07,2024-03-15,23.4,2023.0,A234-P014,2023,249886.22,207149
AXNANO LLC,"Sustainable, Non-Incineration-based Destruction of Air Force Hazardous Waste Stockpiles",DOD,USAF,Phase II,SBIR,FX224-OCSO1-0896,FA8649-23-P-1125,2023-07-21,2025-04-21,X22.4,2022.0,X224-OCSO1,2023,1236627.0,205843
AXNANO LLC,mSCWO For On-Site Complete Destruction Of Air Force Hazardous Waste Stockpiles,DOD,USAF,Phase I,SBIR,FX224-OCSO1-0896,FA8649-23-P-0100,2022-11-04,2023-02-04,X22.4,2022.0,X224-OCSO1,2023,74943.0,204781
AXNANO LLC,Mobile PFAS Effluent Treatment System (PETS) for management of Air Force wastes,DOD,USAF,Phase I,SBIR,FX224-OCSO1-1101,FA8649-23-P-0219,2022-11-03,2023-02-04,X22.4,2022.0,X224-OCSO1,2023,74983.0,204874
AXNANO LLC,Reactive Bimetallic-Carbon Media For Destruction Of PFAS-Containing AFFF Wastes,DOD,USAF,Phase II,SBIR,FX203-CSO1-0925,FA864922P0013,2021-10-18,2023-01-18,X20.3,2020.0,AF203-CSO1,2022,749368.0,194959
AXNANO LLC,Development of a Smart PFAS-Collector for High-Throughput PFAS Detection,HHS,NIH,Phase I,SBIR,R43ES033585,1R43ES033585-01,2021-09-01,2022-08-31,PA20-260,2020.0,NIEHS,2021,168087.0,193974
AXNANO LLC,Reactive Bimetallic-Carbon Media for Destruction of PFAS-containing Aqueous Fire Fighting Foam Stockpiles,DOD,USAF,Phase I,SBIR,FX203-CSO1-0925,FA8649-21-P-0368,2021-02-05,2021-05-03,X20.3,2020.0,AF203-CSO1,2021,49999.22,191275
AXNANO LLC,Hydraulic Fracturing of Controlled Release Oxidants for Remediation of Low Permeability Zones,HHS,NIH,Phase II,SBIR,R44ES031461,4R44ES031461-02,2020-09-09,2022-08-31,PA18-574,2018.0,143,2020,940181.0,183710
AXNANO LLC,Hydraulic Fracturing of Controlled Release Oxidants for Remediation of Low Permeability Zones,HHS,NIH,Phase I,SBIR,R44ES031461,1R44ES031461-01,2019-09-17,2020-08-31,PA18-574,2018.0,143,2019,124641.0,176675
AXNANO LLC,SBIR Phase II: Effective Treatment of Groundwater Pollution Using a System Utilizing Controlled Release Polymer Materials,NSF,,Phase II,SBIR,1758621,1758621,2018-03-01,2020-02-29,,2016.0,CT,2018,728849.0,167587
AXNANO LLC,Bimetallic Zero Valent Iron Composites for In Situ Remediation,DOC,NIST,Phase II,SBIR,070-05-01 (PII),70NANB17H231,2017-08-31,2019-08-30,2017-NIST-SBIR-02,2017.0,,2017,299994.0,162560
AXNANO LLC,Controlled Release Polymer Structures for In Situ Chemical Oxidation of Contaminated Groundwater,HHS,NIH,Phase I,STTR,R41ES026916,1R41ES026916-01,2016-09-30,2018-03-29,PA16-414,2016.0,NIEHS,2016,274617.0,158112
AXNANO LLC,"Bimetallic Zero Valent Iron-Carbon Composites for In Situ Remediation: Improving Particle Lifetime, Reactivity and Transport",DOC,NIST,Phase I,SBIR,070.05.01 (2016),70NANB16H185,2016-08-01,2017-01-31,2016-NIST-SBIR-01,2016.0,9.05.01,2016,99275.0,157218
AXNANO LLC,STTR Phase I: Effective Treatment of Groundwater Pollution Using a System Utilizing Controlled Release Polymer Materials,NSF,,Phase I,STTR,1622866,1622866,2016-07-01,2017-06-30,,2015.0,CT,2016,224934.0,157831
AXNANO LLC,Lightweight Structures Utilizing CNFs,NASA,,Phase I,STTR,140056,NNX14CL87P,2014-06-20,2014-12-19,,2014.0,T10.01,2014,124905.0,147461
